Metabolite,Vip_plsda,Vip_oplsda,P_value,fdr,FC,NOP_1_V,NOP_2_V,NOP_3_V,NOP_4_V,NOP_5_V,NOP_6_V,NOP_7_V,NOP_8_V,NOP_9_V,NOP_10_V,NOP_11_V,NOP_12_V,NOP_13_V,NOP_14_V,NOP_15_V,NOP_16_V,NOP_17_V,NOP_18_V,NOP_19_V,NOP_22_V,NOP_23_V,NOP_24_V,NOP_26_V,NOP_27_V,NOP_30_V,NOP_31_V,P_1_V,P_2_V,P_4_V,P_6_V,P_8_V,P_9_V,P_15_V,P_16_V,P_17_V,P_18_V,P_19_V,P_20_V,P_21_V,P_22_V,P_23_V,P_25_V,P_26_V,P_27_V,P_28_V,P_29_V,P_30_V,P_32_V,P_33_V,P_35_V,P_36_V,P_37_V,P_38_V,P_42_V,P_43_V,P_44_V,P_45_V,P_46_V
"(-)-trans-3,4-Dihydro-4,8-dihydroxy-3-methyl-1H-2-benzopyran-1-one",1.338332452,1.466024034,0.02954,0.1887,1.052104208,2.331424052,2.174908524,2.244285983,2.235843688,2.636215379,2.214722989,2.302424836,2.632579175,2.375651561,2.393655334,2.228666249,2.549054494,2.43604442,2.612495158,2.434101672,2.793006584,2.950459773,2.861489896,2.675470637,2.755349658,2.522331112,2.600448725,2.36582214,2.374638232,2.603050828,2.575113896,2.642924041,2.589907013,2.738102742,2.401411189,2.375504681,2.465946006,2.795730431,2.430764901,2.315545782,2.897305891,2.786113228,2.97535898,2.741784531,2.808938212,2.56471694,2.545776322,2.334095294,2.361381408,2.543707695,2.591408876,2.333046163,2.206169633,2.761151646,2.695945615,2.424024829,2.372838714,2.889221227,2.748250244,2.901715322,2.985266272,2.823889885,2.953215749
"5,7-Megastigmadien-9-ol glucoside",1.197454329,1.243908071,0.04022,0.2264,0.897106109,1.394500662,1.416012648,1.273384752,1.419750506,1.333299749,1.409820279,1.278113967,1.233375655,1.05675862,1.394150564,1.391673972,1.390168927,0.699413529,1.417116714,1.361751597,1.397418947,1.334763333,0.777796993,1.069753551,1.010474791,1.22428108,0.891385279,1.191455594,1.366085155,1.277980972,1.341457487,0.954397687,1.300426102,1.141147419,1.077606925,1.063703071,0.961030317,1.394136676,1.167662583,1.290429935,1.249121416,1.185959267,0.812588463,1.091083953,1.116866764,1.074489293,1.363680834,0.556721407,0.803377933,1.49557004,0.888378917,1.013411105,1.257887849,0.624112199,1.103784651,1.168172259,1.227592008,1.780797857,1.013346281,0.901011717,1.096307986,1.021868046,1.519554424
12(R)-HETE,2.213835193,2.401713088,0.01039,0.0928,0.864633693,3.353578298,2.495354804,2.100734827,2.473216491,2.578923202,2.401741159,3.532084645,2.38734394,1.903361939,2.002370234,2.873007537,2.707913907,3.04065237,3.679958393,2.758093626,2.751865754,2.812166454,2.219378856,3.258239208,3.048657567,3.348013291,2.397877106,2.22125722,1.731456866,2.792459513,3.049509477,1.519069346,3.530691438,3.313654115,2.044844514,2.335621896,1.736259462,1.497835882,2.023468996,1.699941023,2.304980934,2.80101941,2.637068289,2.615404657,1.960635043,1.981222745,2.838944728,1.199250143,2.431283327,2.588447173,2.503351808,3.231829222,2.735006409,2.169302101,2.298410831,2.189360576,1.919388684,2.720438236,2.133448658,2.632869906,2.464761475,1.928536377,2.419410569
(E)-Casimiroedine,1.872757429,1.877914583,0.01969,0.1458,1.285961167,0.566103207,0.749638706,1.704128938,1.260289498,0.737164469,1.206942151,1.357945153,0.61816243,1.224867325,0.574809651,0.77315709,1.176669277,0.867980096,0.240038676,0.979744288,0.958211524,1.40400649,1.343193806,0.938262798,0.86493589,0.98020305,1.154527421,0.794242027,1.114699676,1.58641401,0.400615303,1.725222185,0.241969805,1.576258406,1.222381924,1.64254084,1.11938186,1.552017967,1.964519393,0.260369001,1.484359478,1.024307206,0.2425204,0.899013065,1.685895286,1.692697901,0.912433248,1.569058745,1.614441795,1.336491723,1.720969165,1.356638752,1.863067195,1.626634413,0.909190776,1.406192615,1.803273602,1.149043336,1.316012342,0.584337988,1.557941395,1.168388202,0.252255802
Norerythromycin,1.583856708,1.850560842,0.01385,0.1131,0.915646853,2.470786868,1.870212332,2.237793183,2.091318733,2.372596897,2.283169474,2.245500516,1.962829281,2.179548699,2.215233159,2.492134409,2.476394759,2.341410164,2.43347536,2.334535225,2.344311581,2.427836552,2.368641492,2.309788309,2.223369537,2.289912395,2.554524258,2.357926639,2.26711939,2.176516151,2.156580944,1.907008194,2.011080278,2.096333749,2.05404856,2.334002664,2.353142885,2.187007092,2.276335234,2.307623471,2.175005627,2.142095642,0.244299945,2.128399069,2.108261155,2.108721042,2.169821731,2.394273401,2.278213004,2.03806588,2.228025131,2.194401889,2.195120633,2.307859803,1.968386909,2.314430131,2.108111682,2.021069069,2.086628244,2.014929785,2.097573063,2.073887892,2.128507906
Tryptophyl-Glycine,2.355401694,2.602748811,0.01635,0.1268,1.24,1.260740668,0.102352691,1.067270149,0.103324987,1.877260629,0.75974468,0.106456972,1.966834137,1.047934704,1.327720462,0.612329654,1.90244642,1.52836267,1.814207734,1.635574631,2.2647232,2.40838365,2.035138025,1.90067258,2.12927695,1.711533972,1.844921739,1.549331354,1.615797575,1.859867642,1.911416315,1.747251679,1.781021475,1.992912635,1.528259514,1.376589925,1.613111649,2.250817201,1.24135504,1.332947266,1.901572872,2.147585622,2.463916472,2.235510617,2.184331703,1.992727722,1.913712054,1.282095205,1.120822352,1.73962945,1.976224345,0.94157067,1.039445641,1.905293578,1.983930074,1.69224732,1.66188362,2.326905214,2.076411097,2.430399047,2.374234617,2.133290214,2.150214968
Somatostatin fragment 3-14,1.919889155,2.252545971,0.001137,0.01941,0.900454545,2.200510844,2.344474392,2.089189039,2.268842892,2.04594803,2.352936533,2.360565243,2.134730053,2.235521212,2.151986364,2.282310828,2.240664629,2.544838527,2.189252258,2.443625458,2.185088891,2.171349653,1.959818941,2.178081645,2.213931686,1.989830512,2.166105403,2.123157764,1.82106661,2.69301064,1.811638044,1.381207258,1.362198223,2.280183926,2.151771028,1.980892959,1.873076573,1.830355675,2.216029051,2.032531202,2.190242154,1.789547399,1.36343023,2.283053329,1.913544177,2.204722589,2.387559517,2.179082695,1.947936104,2.256309235,1.567244707,2.149242216,1.899422356,1.981436232,2.367254911,1.785983593,1.847090363,2.071727017,1.913985524,2.189606143,2.064908839,2.021769893,1.90103478
Indole-3-acetamide,1.72576325,1.954478897,0.02517,0.1724,1.294523171,0.5891777,0.096196718,0.99398024,0.097116843,0.71057768,0.262251115,0.10008152,0.855479545,1.117257182,1.093683243,0.147085575,0.76067031,1.563359963,1.018785456,0.375185343,0.306978224,0.7012662,1.38609164,0.991188979,0.979394513,1.285362047,0.678284456,0.462359595,1.348940566,1.26142718,1.183211313,0.78036357,0.899193226,0.288715536,1.05187884,1.433994339,1.380104077,0.94847623,0.648169945,1.434230702,0.384540495,1.178658922,1.349583188,0.566596108,0.705167348,1.369621124,1.135718497,0.61482844,1.000044225,1.304899051,1.15309678,0.980225827,1.301795277,1.331773026,0.9793464,1.231636461,0.557915886,0.786972885,1.008022072,1.339434739,1.132034721,0.976580409,1.190984974
Vignatic acid B,1.93270523,2.015828734,0.008443,0.0795,1.255001053,0.834892022,0.977391517,1.510912039,1.00769777,1.579903475,0.567968603,1.349148543,0.82255574,0.754099514,1.219052041,1.374005535,1.243017885,0.390218949,0.63229595,0.373577502,1.019027117,0.369799663,0.690719072,1.647032489,0.364671396,1.165074499,1.256383453,1.307319472,1.173631783,0.458093239,0.606700365,1.395054542,1.440843905,1.103970957,1.253401721,1.192415364,0.762233623,1.175366854,1.225519065,1.064904945,0.858669409,1.877636156,1.152709721,1.004862566,1.179387613,1.201095355,0.974430732,1.429158653,1.659640015,1.661359654,1.128236549,1.117769568,1.474220777,1.279961673,0.999257002,1.232054866,0.980904645,1.149837806,0.932867288,1.318708893,1.225486481,1.201847268,0.491522994
"2-[4-(3-Hydroxypropyl)-2-methoxyphenoxy]-1,3-propanediol 1-glucoside",2.781345872,3.136316281,0.0001084,0.003429,1.369876072,0.435603899,1.201046097,1.205030168,1.417450068,1.586151262,1.198887471,0.888702106,1.26274317,1.746985338,1.171717466,1.307226081,1.413482361,0.385192215,0.516591603,0.264355162,1.161304954,0.348502133,0.712217138,1.735120582,0.89037953,1.572619169,1.04743466,1.1654793,1.355513378,0.448830557,0.838838671,1.576425797,1.963295222,1.14481761,1.549920078,1.715034325,0.667936798,1.267320576,1.486994843,1.371223888,0.883349729,1.313486215,1.864350764,1.318227684,1.412077111,1.500770334,1.269420498,1.388019521,1.636334341,1.454437891,1.65163165,1.49118208,1.673196919,1.495336159,1.382052218,1.386173778,1.242930367,1.895004486,1.476891063,1.488264792,1.38970796,1.286641606,1.349267126
Physagulin A,1.627916231,1.818123655,0.01459,0.1171,1.19844358,0.465410102,0.920246825,1.481013421,1.308099212,1.5398342,0.435996387,1.080997032,0.919186198,1.121173512,0.93008147,1.212727927,1.618267093,0.382353935,0.706621796,0.709092248,1.255202042,0.328653729,1.253208687,1.461713603,1.188962834,1.322052995,1.150491614,1.353450434,1.396864404,0.795222012,0.38781623,1.066399142,1.441527197,1.08367523,1.295615623,1.133840493,0.865890688,1.154874752,1.290580988,1.444660011,1.036951547,1.506617448,1.166039451,0.939764375,1.422360629,1.38874649,1.360575897,1.309870871,1.324260375,1.565282046,1.07046477,0.964345827,1.633865769,1.271173381,0.768277837,1.370891705,1.360934163,1.304268521,1.269523844,1.416948393,1.21302283,1.102027976,0.881450024
"5-Megastigmen-7-yne-3,9-diol 3-glucoside",1.470783226,1.594763315,0.04621,0.2479,0.81910828,1.443522543,1.08737555,0.886607427,0.798439204,0.534406784,0.888458726,1.45773594,0.778963984,0.690968742,1.02114077,1.236205818,0.961574944,1.458925357,1.661674085,1.390886381,1.445687932,1.142524712,0.607577728,0.815687937,1.613486394,1.390170204,0.955316382,1.748662387,0.978235523,0.833922358,0.734073017,0.070453515,0.792052727,1.18013482,0.882957069,0.666403496,1.216403225,0.559385271,0.319960067,0.706286792,0.471809451,0.288781925,0.714363766,1.269950175,1.334200979,0.602587948,1.118334265,0.932885704,1.344013122,1.082929953,0.236802433,1.362772325,1.582414983,0.864502344,0.430165729,1.020576588,1.098587633,1.247035016,1.112590337,1.273656836,0.927973736,1.279262762,0.815652267
Xanthochymuside,1.463276255,1.604942006,0.02001,0.1469,0.9010181,2.151768654,1.505152124,1.800323652,1.886699109,1.953065527,1.728342285,1.80575343,1.638666443,1.997958419,1.80491179,2.046082497,1.70160859,1.636481777,1.963956376,1.661581226,1.747341661,1.835539867,1.53852367,1.243651408,1.624168493,1.833414209,1.532284549,1.80882584,1.756103298,1.892239978,1.870891491,1.518785065,1.489456216,1.672570504,1.61589123,2.149474787,1.89707857,1.636788739,1.238159423,1.948842512,1.591598184,1.292861042,0.496124531,1.624543298,1.743719664,1.232595584,1.509271297,1.310645631,1.490257393,0.919655603,1.674363124,1.300963561,1.632877396,1.646583472,1.880390911,1.973349675,1.838973176,1.738796278,1.778520436,1.881891066,1.588398185,1.764082568,1.913608034
Furanofukinin,1.22740279,1.411175729,0.001467,0.02344,0.964467005,2.551061791,2.609627556,2.530657841,2.720549405,2.612834603,2.642349699,2.559879814,2.429097333,2.571790738,2.618278384,2.557384052,2.628899011,2.522871466,2.668582876,2.426938541,2.477458691,2.542763073,2.449425126,2.700691712,2.673481518,2.417522403,2.381387816,2.46206419,2.705512914,2.569770752,2.558920498,2.572478038,2.47341934,2.481349971,2.462318432,2.280677311,2.353441532,2.593483756,2.513927203,2.771635984,2.562665431,2.500355998,2.435532537,2.437766083,2.521061841,2.442797709,2.498457009,2.624049605,2.327161779,2.528653429,2.348214075,2.332172873,2.528311006,2.473659773,2.426690046,2.553978774,2.411039132,2.366837242,2.282996374,2.361020327,2.481802975,2.429252392,2.647404928
"PC(20:4(5Z,8Z,11Z,14Z)/22:6(4Z,7Z,10Z,13Z,16Z,19Z))",1.653225321,1.829366848,0.008644,0.08109,1.102469785,2.059196008,1.810894497,2.065613202,1.475478199,0.904105594,1.902051336,2.085114719,2.227171992,2.193058093,1.92191734,1.603811574,1.870344659,1.811648021,2.116802092,1.687742969,1.568027424,1.933200714,1.967047103,2.176828772,1.84684817,2.183850201,2.062329167,1.671351664,2.139918104,2.201530905,1.990796104,2.530830682,2.09489484,2.101260438,1.870882425,1.933613527,2.231033429,2.101993805,2.146136042,1.39000882,2.197298879,1.927940061,2.648087806,1.607294561,1.998517936,2.317790714,2.068230092,2.095503456,2.362849424,1.835135478,2.227060522,2.213583173,1.919809852,1.847644238,2.031563195,2.175103626,1.940134479,2.156400086,2.548829365,2.044420911,2.141402919,2.256859968,2.176862532
"PC(18:2(9Z,12Z)/22:6(4Z,7Z,10Z,13Z,16Z,19Z))",1.155553986,1.214624901,0.02649,0.1772,1.037821483,2.63263534,2.585769512,2.703428201,2.368540217,2.277501828,2.686221254,2.588155165,2.921798238,2.766333432,2.5674777,2.413184572,2.527277525,2.457083622,2.771305488,2.663151921,2.453675916,2.693996917,2.696041552,2.796359096,2.561764326,2.850765167,2.795750879,2.706399554,2.650142315,2.891735474,2.725655646,3.050029396,2.724906849,2.757270993,2.561374516,2.547467852,2.669477612,2.702110288,2.741618721,2.425437628,2.743845618,2.779449047,3.210436213,2.519109368,2.663999647,2.610958155,2.76903539,2.71191504,2.868256053,2.420332433,2.812104574,2.799936988,2.622963433,2.811872624,2.779383565,2.774806313,2.721643598,2.788394582,3.107442744,2.655585579,2.811435365,2.759358836,2.88292852
"PS(18:0/22:5(7Z,10Z,13Z,16Z,19Z))",1.493360896,1.556269775,0.04155,0.2311,1.099767981,1.857351996,1.437471424,2.062594204,0.961322728,1.009920654,1.802099833,1.674154775,2.091942109,1.603347342,1.766708611,1.82925776,1.445735542,1.702456335,1.57209809,1.860802634,1.712543585,1.678014244,2.050986096,2.129245258,1.839065832,1.77199423,2.177662299,1.250364001,2.004665851,1.965387755,1.563631303,2.022343384,1.853415959,1.590596757,1.843713845,1.842417095,2.040843803,2.027998564,1.917701058,1.109660423,1.957962485,2.047039948,2.37840385,1.023459939,1.959248048,1.972261971,1.637509171,2.001449885,2.161330517,1.399331799,1.915604098,2.323261008,1.530740174,1.957206677,2.065357367,2.021913928,1.844362045,1.983881286,2.227274786,2.35838439,1.761575165,2.140826735,1.757446639
SM(d18:1/14:0),1.118847358,1.107987766,0.04698,0.2494,1.036484245,1.961529341,2.223147816,2.598870797,2.516033957,2.219130209,2.119660866,2.447237152,2.64104339,2.542905955,2.443226704,2.505758524,2.259841196,2.418804865,2.358154472,2.719185756,2.302780761,2.507025998,2.495226079,2.480221748,2.361625304,2.514056736,2.442324686,2.434579797,2.495318206,2.533574539,2.169011343,2.647176081,2.593268882,2.337861268,2.57879449,2.445416582,2.325974547,2.35673171,2.550677503,2.07448455,2.579546982,2.494935115,2.931281904,2.417050081,2.485634779,2.430568116,2.500048815,2.473773359,2.60153708,2.447227453,2.501188186,2.513080777,2.260630125,2.392448316,2.49065354,2.492428534,2.605540391,2.56956662,2.849186763,2.617320502,2.472701684,2.608814875,2.353527451
"PC(16:1(9Z)/18:2(9Z,12Z))",0.990505,1.043548257,0.01651,0.1276,1.020091324,3.109365099,3.277187611,3.352081844,3.176618402,3.245673372,3.256767448,3.203186357,3.423464044,3.407669721,3.312726837,3.088534301,3.19998328,3.219935086,3.207687797,3.390722533,3.282801339,3.334427677,3.244823961,3.314203344,3.358293871,3.379632913,3.291775451,3.36804776,3.222811959,3.412932179,3.318436157,3.62906782,3.252290539,3.261262218,3.305769954,3.284027783,3.080796401,3.33888881,3.228087348,3.337304894,3.263487345,3.487956092,3.518298526,3.441168877,3.400634332,3.257064955,3.405752971,3.226246629,3.337703732,3.309715707,3.394208086,3.444733231,3.349067821,3.300156578,3.481059883,3.458852118,3.454915101,3.333855132,3.464990974,3.365166741,3.277505216,3.22070225,3.321387003
PE(15:0/20:1(11Z)),1.444763996,1.484116555,0.01348,0.1109,1.056170562,2.231095826,2.278250098,2.553190137,2.204417678,2.394635609,1.977200733,2.403730143,2.676289069,2.705380547,2.602601114,2.273752334,2.432106003,2.503287391,2.256919563,2.502338509,2.529578226,2.521691653,2.350541261,2.366458824,2.490569644,2.540517362,2.625545652,2.51426023,2.443529329,2.60147186,2.434982404,2.939337079,2.258933153,2.18820815,2.417812979,2.709738928,2.556299079,2.42883027,2.500706857,2.247319223,2.546994431,2.812081203,2.673737514,2.804373524,2.600750064,2.651253889,2.618460942,2.491749927,2.179826268,2.468052052,2.620960508,2.819182815,2.647287735,2.407092671,2.718449213,2.908970303,2.953980982,2.643111644,2.928676364,2.460397036,2.523584956,2.627514603,2.076684317
"PC(18:0/22:6(4Z,7Z,10Z,13Z,16Z,19Z))",1.066952209,1.187149693,0.02056,0.1493,1.031402652,2.918942193,2.692446665,3.074126216,2.473357261,2.653502326,2.942974567,2.847381314,3.10839383,2.895608028,2.955580779,2.698515212,2.83011738,2.985108329,2.819696639,2.751777752,2.70521076,2.876848789,3.015447523,3.005907678,2.815235762,2.915146033,3.0286072,2.696621145,2.959598873,3.016103376,2.832270833,2.960419831,2.88521493,2.737705227,2.954113121,3.064468512,3.127235429,2.852681677,2.973729121,2.66298458,3.065173395,3.051208418,3.038316675,2.805198368,2.920989156,3.187923006,2.948204893,3.118103123,3.096588666,2.724621139,3.012064397,3.18061787,2.796909059,2.968404095,2.845272731,3.079090281,2.850191428,2.922854179,2.976161529,2.982417879,2.932034662,3.112673947,2.759840416
"PC(18:0/20:4(5Z,8Z,11Z,14Z))",0.910489046,0.950227879,0.02177,0.1543,1.016494269,3.531680173,3.462971843,3.722086352,3.383597284,3.476181018,3.536633917,3.447972467,3.782699263,3.654244706,3.508594702,3.499309357,3.53193052,3.657844821,3.575665813,3.636142434,3.418385527,3.644082761,3.660428866,3.606195419,3.516744882,3.562807764,3.587254636,3.616415946,3.601884884,3.770809887,3.611576208,3.726274946,3.504088935,3.523719156,3.462227033,3.710970636,3.628800485,3.587470733,3.536366685,3.574864669,3.501775301,3.739276747,3.643831809,3.574033858,3.652125147,3.573942754,3.667318658,3.671137355,3.747331658,3.539196417,3.592617686,3.760823585,3.575105548,3.646276451,3.584083547,3.714179045,3.636501084,3.636621233,3.811478986,3.75850739,3.774976978,3.674754467,3.625632641
PE(15:0/22:1(13Z)),1.306408905,1.427629433,0.001511,0.02399,1.026836158,3.327015975,3.347342918,3.620586052,3.348016847,3.490287638,3.250507499,3.462848728,3.757457427,3.763942517,3.551946264,3.414441256,3.575100091,3.694011065,3.58673654,3.592120886,3.555184391,3.599528749,3.613244279,3.570400981,3.551612573,3.545613866,3.561873636,3.639613086,3.476186821,3.652470483,3.500530268,3.802005491,3.530958039,3.537753174,3.5873301,3.628308188,3.657803343,3.549197767,3.539284613,3.5672392,3.498571588,3.711521728,3.821348718,3.739212653,3.684340105,3.600307595,3.589606055,3.640822767,3.53128093,3.583578232,3.714782503,3.730941627,3.569753441,3.644792042,3.625337128,3.724989365,3.692304487,3.6205286,3.785460212,3.608501456,3.742455888,3.581497804,3.490134644
"PC(18:0/22:5(4Z,7Z,10Z,13Z,16Z))",1.128158572,1.300894378,0.02405,0.1669,1.049579046,2.249937191,1.75427724,2.227985527,1.875763398,2.221095543,2.097695046,2.049727369,2.184563317,2.438208407,2.197585529,1.724927624,2.202546719,2.195926121,2.20125411,2.15862792,1.78176848,2.227320281,2.070767993,2.029555048,2.095359324,2.111339487,2.161370962,2.28129604,2.138238884,2.413235716,2.508385433,2.145142231,2.057746849,1.975776535,2.17325781,2.399216723,2.280483349,2.062107677,2.30418543,2.323329409,2.289415644,2.469822258,2.237648402,2.332056618,2.34652191,2.208502317,2.275103439,2.105294936,2.26970649,2.165367581,2.295963245,2.326140026,2.187186496,2.513726292,2.261476365,2.556844584,2.110570009,2.428111245,2.262687294,2.141236884,2.110161161,2.380815406,1.819377206
"PE(18:2(9Z,12Z)/20:0)",1.131746792,1.292669391,0.007667,0.07415,1.038412292,2.189214446,2.245713752,2.458729464,2.234052096,2.219010416,2.423042896,2.377238168,2.509886754,2.550351863,2.376994063,2.252675835,2.163766237,2.1720934,2.281273444,2.598434763,2.12882668,2.245128103,2.358827265,2.378950014,2.567016065,2.274524169,2.301693801,2.280063454,2.402219303,2.55207657,2.384401094,2.412943711,2.377799977,2.233897834,2.44775211,2.480058022,2.329849245,2.329651865,2.42027675,2.236086488,2.387403895,2.440274223,2.702679548,2.270148886,2.531784025,2.388204565,2.403965511,2.523909013,2.492145382,2.446105777,2.536347999,2.589943491,2.304686184,2.455366078,2.498977655,2.407588143,2.305579333,2.577710596,2.451257136,2.635473672,2.2949602,2.451234464,2.501301284
"PE(16:1(9Z)/22:2(13Z,16Z))",1.656590522,1.885874632,0.005512,0.05986,1.134328358,0.789796271,1.401347599,1.319506853,1.263703501,1.233533713,1.620945504,1.351495534,1.656083016,1.74588332,1.39721302,1.053595679,1.020783943,0.891136088,1.609798178,1.763147622,0.913117878,1.146836237,1.290909977,1.802882743,1.857768214,1.480051367,1.362416694,1.463421496,1.72183037,1.745600668,1.68423596,1.664168559,1.50562914,1.328734229,1.290872635,1.422432563,1.122454247,1.661844917,1.540599861,1.628437045,1.656315866,1.598748465,1.966799534,1.54226371,1.807705154,1.554549164,1.708904852,1.60951375,1.783399734,1.629002362,1.728497568,1.696017227,1.377712172,1.810084022,1.788881931,1.593207432,1.539984544,1.730883332,1.366913157,1.694808317,1.474924182,1.363010796,1.881925541
"PC(16:0/22:6(4Z,7Z,10Z,13Z,16Z,19Z))",1.07676854,1.09617101,0.01337,0.1101,1.019747235,3.731252019,3.721657416,3.961151403,3.54658395,3.570328144,3.828569575,3.67707432,4.010850504,3.794793538,3.794281794,3.743068963,3.76909964,3.955339583,3.693314683,3.775689486,3.759518331,3.822597385,3.984263614,3.981596976,3.756079128,3.804421319,3.851724376,3.660658223,3.874305645,3.925440287,3.749711459,3.99637742,3.890267964,3.741104934,3.82765929,3.912833896,3.932071975,3.803355984,3.858094168,3.599312471,3.93486332,3.936545256,3.999040953,3.73137183,3.875516376,3.914161085,3.823671394,3.951815078,4.02457279,3.656127818,3.914068817,3.928784343,3.779418031,3.881162888,3.856520222,3.900530216,3.781480333,3.787844221,4.030650571,3.99447308,3.927712988,3.896718514,3.838439257
2-hydroxyhexadecanoic acid,1.365761258,1.586177587,0.02911,0.1869,1.100899743,1.690571198,1.904929128,1.428495395,1.850316255,1.128131628,0.969435949,1.293149125,1.699919843,1.082163586,1.683591301,1.43548316,1.718625189,1.614975542,1.333815275,1.883668763,1.830494711,1.427298156,1.492224872,1.803002278,1.618673634,1.565622481,1.261708526,1.701811824,1.586911925,1.791498018,1.659925075,1.383626336,1.856840428,1.896545801,1.683277907,1.775800246,1.026582489,1.88324842,1.46046281,1.28217164,1.114090302,1.77941974,2.060552917,1.689289124,1.208460906,1.663374138,1.946620551,1.875662918,1.819656895,1.980371293,1.756012956,1.954878667,1.829396263,1.807143336,1.747201832,1.607098223,1.641814455,1.816975468,1.827170164,1.824505078,1.720655226,2.277213567,1.606686716
Dehydroepiandrosterone sulfate,1.562801997,1.686449168,0.0287,0.1855,1.146545708,1.15597812,1.530352154,1.516790011,1.902971361,2.047396787,1.042485477,1.691998692,1.199946726,1.443081654,1.012477076,1.358983538,1.642918527,1.525959102,0.927798608,1.122008659,1.605761347,1.232723151,1.4611148,1.634462152,2.109656093,1.524259581,1.365514615,1.241112636,1.646733652,1.035104161,1.282068581,1.932120272,1.868343834,1.374105194,0.379772756,2.032167231,1.455276766,1.750933475,2.016381361,1.697568712,1.393995521,1.3956002,1.335708842,1.842108941,1.76787116,1.565431161,1.60644223,1.980853084,1.942581023,1.800979913,1.952581511,1.389508345,2.303306232,1.395929909,1.862128068,1.671583561,1.785447079,1.449946148,2.087477834,1.578189546,1.739075586,1.550882842,0.660588864
"2-(2,6-dihydroxy-3,4-dimethoxycyclohexylidene)acetonitrile",1.526398181,1.662923963,0.005225,0.05871,0.907466496,1.733446852,1.617043755,1.710620731,1.710214418,1.662274792,1.546585761,1.298986189,1.523512837,1.94033666,1.70754015,1.521896941,1.534688299,1.528494993,1.664286707,1.791934263,1.83491105,1.833931379,1.286028679,1.277794042,1.306916296,1.576953788,1.75011143,1.212866886,1.240271331,1.569537532,1.372437428,1.551792824,1.276054367,1.261049936,1.132990628,1.522909964,1.43808627,1.43753245,1.652956934,1.371602554,1.007595289,1.408618992,1.530057179,1.374208184,1.482778931,1.339498342,1.614226147,1.097949025,1.281138517,1.354924915,1.571510441,1.554807914,1.678836458,1.625735898,1.460471224,1.227733832,1.118283749,1.627635209,1.575638374,1.552111439,1.453424801,1.432782476,1.500982643
Alpha-Teresantalic acid,1.063183031,1.165349793,0.04666,0.2494,0.955268817,2.45576903,2.216982088,2.525545069,2.602534242,2.610705889,2.575994757,2.378302586,2.442607074,2.210999535,2.262609771,2.280919667,2.062116707,2.536775757,2.20667213,2.345515042,2.355573091,2.200207413,2.030448745,2.590393385,2.128944651,1.885058945,2.106119842,2.276578306,2.270850001,2.494238181,2.39033924,1.89454933,2.192384748,2.188329212,2.199756295,2.21216208,2.395735624,2.318730394,2.507232081,2.273976201,2.037482344,2.215122056,2.281958613,2.274122814,2.316177425,2.321447734,2.165391154,2.356483593,2.583000546,2.156013098,1.976019365,2.021934744,2.392821715,2.29074157,2.412048838,2.137561212,1.833373044,2.202627422,1.709171659,2.101277633,2.363742375,2.285676316,2.459720233
4-(2-Nitroethyl)phenyl primeveroside,1.708433862,1.919162849,0.01322,0.1097,1.222064202,1.020138606,0.032525843,1.429728654,0.729734211,0.755010933,0.609623591,0.666442158,0.83045877,0.744483317,0.932216676,1.08465743,1.070550534,1.42768603,1.395570948,0.73794583,0.994521189,1.177218004,1.344185224,0.966960423,1.294104957,1.336591251,0.404381522,0.671093075,1.462340141,1.266453189,1.210814213,1.105829664,0.822681222,0.966549475,1.039727392,1.420738551,1.787346684,1.514249639,1.132811281,1.631350118,0.922746269,1.552650581,1.373504604,1.021707835,1.022186651,1.311482266,0.956622014,0.651445978,1.273316794,1.247207809,0.927795342,1.366009268,1.884705785,1.305744761,0.996801107,1.358642664,0.652276979,1.011177241,1.114630043,1.430355335,1.053580067,1.223328896,1.430725343
Cynaroside A,1.693520025,1.768045116,0.01551,0.122,1.210597968,0.000155112,1.139432399,1.152719367,0.744925171,1.287098397,0.873020807,0.668693717,0.587471987,0.965494289,1.025056847,1.459837072,1.21533298,1.102371924,0.356569493,0.747156241,1.152276238,0.46352635,1.1872244,1.00268027,1.239264557,1.231646232,1.173125099,1.116165684,0.988026337,0.979586119,0.968552237,1.180060202,1.249311515,0.616644362,0.858054042,1.553803426,0.292923043,1.219478029,1.4021841,0.89345958,1.04274875,1.359221916,1.088293963,1.21666188,1.334630287,1.54152047,0.8444225,1.32032492,1.470803756,1.490551652,1.038263004,1.18621901,0.975888152,1.040062995,1.120815746,1.390395297,1.103461201,1.498250743,1.46407583,1.267213798,1.105206651,1.073854078,0.749146944
Indoleacetic acid,1.405483536,1.460799183,0.04277,0.2361,1.055438891,2.203590158,1.954089408,2.155321651,2.072580329,2.553766343,2.137208847,1.942403832,2.539054175,2.218714561,2.280721642,2.062230477,2.476459823,2.390067098,2.473232434,2.354475131,2.704098174,2.870984689,2.795104148,2.598728088,2.631574976,2.441213925,2.535615684,2.270977988,2.283684803,2.479567359,2.483155525,2.571074563,2.489535628,2.642290158,2.318049113,2.296439462,2.417055647,2.72892438,2.3414744,2.242819044,2.439038877,2.711242806,2.906841318,2.656670419,2.650284847,2.498372903,2.405727142,2.168376287,2.226422831,2.414870319,2.514932597,2.121782698,2.066172815,2.579108151,2.621451122,2.336879784,2.243638759,2.824834227,2.672849655,2.832516432,2.912142998,2.698635917,2.874255958
2-Methylindoline,1.878565433,2.263463426,0.0234,0.1634,1.207025411,1.583180015,0.276091665,1.163368584,0.472925041,1.732622845,0.633700037,0.9890659,1.641203225,0.317867727,1.132227892,0.297087959,1.745564903,1.57228735,1.675668798,1.32952142,1.994013761,2.033358021,1.641825447,1.470843817,1.780404875,1.488729069,1.469315118,1.463972771,1.471239521,1.587628231,1.824517981,1.675600144,1.70578252,1.801467594,1.374712701,0.860081088,1.431880047,1.934997199,1.075602406,1.574970489,1.598274007,1.98519246,2.090012801,1.950781854,1.890307242,1.602496514,1.64052367,0.436688176,1.111710863,1.582051726,1.721679572,1.098340341,1.414405347,1.668690523,1.448475155,1.594393661,1.642994208,2.069931357,1.924875762,2.05876663,2.027500859,1.793847392,1.896242425
Gamma-Glutamylphenylalanine,1.633051878,1.733566474,0.04006,0.2261,0.795054484,2.101432342,1.041022997,0.706469124,1.339950941,0.743735595,0.777434724,1.565463364,0.284360515,0.881820429,1.061901656,1.300898955,1.400547714,1.452895608,1.843298829,1.2131065,1.262872436,1.455871355,0.719793479,0.947121298,1.449822708,1.094047506,1.568383242,1.504114064,0.640759443,1.392419629,1.274238427,1.219608269,1.792522464,1.362109402,0.060096621,0.426615069,0.852486249,0.063577489,0.816877611,1.177471077,0.243925481,0.747562236,0.784579899,0.963368652,0.954518819,0.534387626,1.524459528,0.053967934,1.320134073,1.223351777,1.325791494,0.930478529,1.420487398,1.054738946,0.926645287,1.025862135,1.212591131,1.351731723,0.883586785,0.369229288,1.779957034,1.24602262,0.704695384
Zearalenone 4-sulfate,1.441621438,1.476485846,0.03821,0.2214,1.183366512,0.790082923,0.995045738,0.970147911,0.987293029,0.864155264,0.453405316,0.830681136,0.965606881,0.952689201,0.850624633,0.223579836,1.175191776,1.247024439,0.942442335,0.84886414,1.319827094,0.635353466,1.27899907,0.836388971,0.72315997,1.072984885,0.214482614,1.231874857,0.904332139,1.233313768,0.96043946,0.836484751,0.973029125,0.928555791,0.85203798,1.298874047,1.22767055,1.210518375,1.441319616,1.217115529,1.543508582,1.087996665,0.378659958,1.123398635,1.261246202,1.001562465,0.991109467,1.363165402,0.624098992,0.990946538,1.328189356,1.421392027,1.209982195,0.961669976,1.021778518,1.36570311,1.512476297,0.976110543,1.377323194,0.845978336,0.633388053,0.88467137,0.346484584
L-Phenylalanine,0.782320325,0.770971428,0.03842,0.2216,0.987629459,3.66111914,3.497742167,3.546416985,3.537246151,3.365095131,3.520197494,3.562895553,3.348247835,3.461976752,3.473092316,3.58017513,3.443346607,3.466681776,3.603363671,3.528352342,3.408650615,3.493713431,3.342177649,3.371764976,3.349793199,3.402998637,3.534465127,3.449826762,3.406695505,3.55016824,3.466844061,3.508569758,3.60886458,3.445199041,3.435755346,3.361903049,3.413972162,3.492946087,3.392590048,3.498736438,3.53781909,3.464294157,3.447501641,3.4186615,3.352768162,3.35127218,3.448005099,3.464856085,3.465887518,3.327260709,3.419138776,3.538436732,3.442270971,3.42382223,3.393441383,3.312735046,3.487706559,3.414941738,3.502141616,3.394184175,3.420236246,3.335404811,3.332114974
Kynurenine,1.058346694,1.240744602,0.01597,0.1245,0.93687231,1.45445164,1.401731664,1.594514676,1.507274978,1.14322057,1.452078254,1.635950359,1.341194647,1.562435331,1.42317302,1.57048293,1.42225301,1.198955766,1.255559508,1.339917326,1.425700883,1.409718864,1.454552098,1.511764896,1.340373662,1.272515021,1.241543209,1.38290047,1.323302691,1.361453363,1.227943115,1.118056793,1.196611269,1.313485435,1.464970573,1.279608968,1.565248388,1.239243626,1.183608716,1.538030663,1.517131285,1.193398636,1.444055616,1.284015131,1.094132831,1.242769368,1.415459141,1.191040571,1.22026914,1.128235811,1.332333795,1.296344702,1.624134303,1.420383903,1.239759483,1.336583029,1.323492883,1.076357532,1.471772371,1.242491048,1.23926481,1.27967453,1.28544482
3-Methyluridine,1.29648913,1.52038121,0.008165,0.07734,0.935108153,2.198264705,1.767402386,1.930262282,1.628955778,1.824615927,2.076663626,1.966675827,1.560455162,1.616127766,1.671591498,2.125942316,1.758382632,1.818524011,1.822990509,1.519888546,1.746493596,1.742876949,1.7091152,1.644930252,1.648799016,1.844117719,1.764679168,1.798937141,1.899553686,1.951749152,1.839193105,1.505690518,1.551858144,1.772825078,1.847274805,1.717565797,1.585930719,1.831792104,1.79060547,1.6913423,1.950554366,1.78933415,1.449689926,1.75679973,1.741623367,1.77466317,1.760306994,1.652839366,1.788446664,1.520856903,1.742424954,1.725488666,1.66649015,2.027440679,1.542051619,1.693375682,1.524085636,1.61944996,1.552632556,1.72962458,1.224429105,1.818749579,1.60941551
Hypoxanthine,0.946344698,1.29409473,0.0408,0.1776,0.952030812,3.839324457,2.89338093,2.857738135,2.551615953,2.74891562,2.724425241,2.910281632,2.624712657,2.619578675,2.695715545,2.836145447,2.7975541,2.788964427,3.473621871,2.582679421,2.733544824,2.791650027,2.856159748,2.85637757,2.949287623,2.859562733,3.252073712,2.917991454,2.602176473,2.71043544,2.77924368,2.536600001,3.580701102,2.93249949,2.744329774,2.766246791,2.607181596,2.640110117,2.518455357,2.491336483,2.80664225,2.82044421,2.563197406,2.680583022,2.454768774,2.716533106,2.92763049,2.57047806,2.824360766,2.664700931,2.551013387,2.777477685,2.920401606,2.557188981,2.712214155,2.425694903,2.812957999,2.609939056,2.519347897,2.659544873,2.838269146,2.991564819,2.780330535
2-Linoleoyl Glycerol,2.029532742,1.896196751,0.006485,0.06799,1.083662478,3.06335007,2.829663748,2.812788403,2.247073729,2.134137868,2.53488719,3.035982818,2.557700033,1.998601248,2.886810376,2.683415221,2.822966765,2.761253873,3.286904152,2.613965731,2.929906181,2.782914985,2.720736806,2.478746266,2.95870032,3.184073947,2.85151066,2.749248651,2.758299659,3.315722235,3.421804732,3.275086309,3.842881122,3.154922862,3.17027866,2.297711176,2.726718071,2.933385572,3.024467414,3.150589122,3.043660399,2.486960709,2.815560203,2.761955588,2.913477148,2.932616698,3.126625316,3.124572301,2.846672105,2.823509427,3.149926346,3.163704927,3.093808764,3.129659132,2.991529686,3.37836925,2.905494006,3.209812556,3.363967007,2.642580929,2.996984985,3.291297079,2.803875734
MG(18:1(9Z)/0:0/0:0)[rac],1.441919207,1.317122213,0.02649,0.1422,1.045570427,3.295376851,3.163939332,3.118624499,2.887650464,2.636974578,2.834535527,3.406166433,3.100518017,2.585193479,3.067000453,3.075387732,3.010112147,3.237071747,3.547151525,2.982446521,3.292489596,3.078163354,2.982213067,2.994221724,3.228847318,3.375434601,3.263228215,3.175206195,3.150174483,3.531829478,3.568866844,3.415209891,3.950454758,3.372241513,3.339294656,2.802949647,3.110279342,3.195501901,3.257658768,3.204005497,3.354631536,3.117082712,3.04556286,3.200062301,3.22681789,3.284122037,3.357309147,3.319384465,2.863970243,3.293168398,3.383180368,3.434505275,3.469923357,3.374109636,3.245478876,3.473006581,3.249933212,3.315472083,3.73522876,3.028186259,3.156821858,3.505399797,2.906697315
PE(18:0/0:0),0.798974586,1.100184166,0.02818,0.1469,1.017889908,4.291046295,4.323358368,4.287287506,4.273098691,4.157280759,4.381595903,4.437157879,4.455447242,4.274978927,4.316147298,4.194069892,4.351114624,4.128475809,4.501148928,4.28214648,4.305373214,4.391047218,4.273816343,4.326893527,4.480108199,4.538358877,4.363535403,4.502375617,4.238205689,4.639167168,4.647514014,4.593245732,4.530116778,4.437558558,4.388448007,4.211529144,4.193678467,4.206531792,4.413056462,4.399345728,4.401890631,4.423513148,4.84581542,4.440124098,4.518420878,4.462779585,4.537082844,4.400079192,4.459234706,4.470775944,4.54261666,4.457094057,4.561913124,4.334912836,4.384765139,4.567929419,4.509068476,4.442289747,4.552210937,4.292534778,4.323591238,4.447416423,4.277933183
Nicotyrine,0.770293487,0.722708962,0.04755,0.1924,1.029977794,2.967550763,2.632235267,2.607462067,2.651543331,2.33357295,2.437742441,2.695488843,2.581877618,2.61772077,2.677842045,2.856547281,2.58344944,3.088258309,2.777385724,2.664404414,2.741928702,2.708249922,2.768521674,2.713786423,2.72277395,2.85726557,2.483767773,2.548966808,2.840509001,2.892455693,2.793255547,2.453465075,2.705749724,2.488363074,2.727574144,2.767460172,2.687471594,2.847528317,2.80767944,2.751642598,2.68600774,2.988096605,2.475875424,2.646113268,2.653469473,2.925231289,2.727437801,2.752372216,2.796271853,2.771487221,2.756691605,2.803160307,2.923198258,2.917583497,2.9675848,2.923575511,2.896198713,2.778143251,2.814492752,2.994590324,2.888500535,2.904469908,2.813074966
PE(16:0/0:0),0.852578368,1.307976433,0.005226,0.0608,1.021916412,3.890439605,3.905695559,3.941261187,3.884909499,3.741256671,4.032445835,3.979345932,4.044011106,3.873881557,3.991338653,3.820541133,3.882361042,3.645085073,3.965446348,3.839945515,3.867797165,3.94914705,3.926090316,3.759139428,3.972537756,4.077776556,3.88480241,3.948047626,3.945606189,4.148301047,4.101489876,4.1560616,4.038666046,3.995392573,4.014774733,3.787474054,3.859070843,3.865025779,4.083348656,3.872556281,4.021133187,3.983071786,4.312529476,3.975363697,4.040735877,4.068365247,4.06888141,3.97034236,4.034632654,4.029071278,4.115666132,4.013653362,4.105063533,3.885595042,4.002966741,4.207883265,4.104595187,4.046094697,4.047496544,3.844070378,3.972236373,3.984538933,3.819610315
1-Monopalmitin,1.718593854,1.972985777,0.02466,0.1373,1.137791287,2.286355102,1.805975996,1.96829538,1.38346193,0.153249373,1.36801807,2.282734596,2.114224924,1.843299889,2.061658581,1.950331685,1.729969036,2.137728159,2.719012323,1.864089526,2.292146833,2.279634991,1.822366658,1.911151709,1.595819573,2.452131816,2.216421745,2.264695413,1.892821022,2.439882494,2.495985573,2.561003206,3.177074063,2.234167506,2.130091037,1.030220445,1.922474468,2.212854727,2.029981287,1.938661152,2.549313067,2.009790999,2.389831336,2.245171618,2.159607971,2.234905273,2.515425711,2.341370495,1.730948041,2.065424649,2.516119974,2.460822831,2.420074378,2.244198822,2.202585963,2.675328208,2.307170656,2.444459658,3.02996469,1.881824041,2.212319618,2.477507607,1.527646321
Muramic acid,1.442091431,1.609039661,0.02036,0.1246,1.137175325,1.484368513,1.335712443,1.321126147,1.524590649,1.446413115,0.629180354,0.534577822,1.490348685,2.061598779,1.076537778,1.548922848,1.440936984,0.841712841,1.14804043,1.094530535,1.441559683,1.103892206,1.139449307,1.173774683,1.150946364,1.215324806,1.105889512,1.050539312,1.228554113,0.919488518,1.526694873,1.189803398,1.257267753,1.389402521,1.542263926,1.247725604,1.506976089,1.506837888,1.383807319,1.360104104,1.84142113,0.95618632,1.41338235,1.637677896,1.187570292,1.14573405,1.411418399,1.580292033,1.641113454,1.094820909,1.219703961,1.388209052,1.364512801,1.283318316,1.107468953,1.920156134,1.382025884,1.760848954,1.354839608,1.198588656,1.676781677,1.362935787,1.519993429
L-argininium(1+),2.001211269,2.050525151,0.001052,0.02464,0.881431767,1.779911278,2.056836066,1.677780525,1.841258429,1.648907117,1.781359366,1.690544814,1.768929231,1.936030109,1.814522505,1.437987382,2.063289421,2.038764565,2.061507312,1.490601582,1.850972436,1.877265499,2.103133333,1.708013404,1.565264638,1.811768191,1.469705339,1.636493209,1.832626854,1.745306853,1.805762134,1.254442888,1.64054787,1.491810403,1.453857423,1.519985583,1.411635445,1.65882036,1.637164226,1.74017745,1.982769295,1.658198611,1.901890032,1.692648383,1.420625676,1.812368826,2.041261758,1.567310281,1.673011721,1.749394059,0.944081684,1.563167544,0.835038542,1.778114537,1.83153495,1.297882184,1.530667256,1.894379663,1.539912136,1.601723414,1.612803256,1.387154125,1.301124743
Proline betaine,1.587985884,1.672810922,0.03797,0.1713,1.11674899,1.908235066,2.87720014,1.534563088,2.604418884,1.791742236,2.59794886,2.423702903,2.295587591,2.224593111,1.676930308,2.087555333,1.895791936,2.199692865,2.811747148,2.087693785,1.936038726,1.678194555,1.897297647,2.782209913,1.929246542,2.318462343,2.208604028,2.399180677,2.652247603,2.154612369,2.923633153,2.345359566,2.358089254,2.157918865,3.056374312,2.024244016,2.165692007,2.151916703,3.18390437,1.93234559,2.472953109,2.518525709,2.577808452,2.174355057,3.715898555,1.976497269,3.60124124,2.158565057,1.946556285,2.201466687,3.447428399,2.937934674,2.668735367,1.823767433,2.72989265,2.398791433,3.109726839,2.531262082,2.20180519,2.678432901,2.539829463,1.807563571,2.002601505
Isovaleric acid,1.313016437,2.011977531,0.01712,0.1149,1.139524032,2.131956984,1.071206544,1.456802828,1.680624188,2.344849236,1.022451688,1.209648365,2.618198575,1.89577716,2.230205222,1.227023789,2.549561731,2.347872027,2.380352581,2.102423017,2.839846121,2.786087834,2.759566884,2.465798066,2.748745885,2.454705533,2.24089368,1.913154472,2.265037243,2.552413014,2.431533277,2.463712866,2.595423804,2.65039599,2.116142854,2.201696031,1.995983265,2.823382559,2.447161825,2.103456547,2.72121663,2.677984987,2.871746874,2.858254587,2.684840684,2.588771394,2.621391737,1.894121197,1.593246949,2.349630367,2.577058933,1.683755319,1.617512511,2.490296489,2.571778407,2.131514315,2.43738445,2.849522505,2.601543568,2.880965736,2.816257263,2.524339676,2.713709181
5a-Androst-3-en-17-one,1.045483541,1.669633991,0.01838,0.119,1.085087326,2.055764597,2.682718733,2.170303029,2.455588752,2.248738283,2.092994594,2.274200787,2.40303349,2.39205557,2.117520365,1.994745027,2.25356011,2.263062145,1.658102001,1.880720804,2.612649673,2.118479747,2.287092849,2.292785057,2.844894659,2.694370132,1.756943312,1.483292553,2.312401928,2.266372634,2.441673083,2.284674386,2.93930833,2.529614028,2.128589662,2.163191622,1.836842934,2.508703618,2.648381846,2.35841806,2.504692134,2.027998221,2.62341628,2.743088403,2.642144782,2.826508107,2.342078111,2.301517312,2.441723518,1.888797552,2.808590361,2.577547632,2.454899647,2.025570038,2.504015429,2.448570891,2.537776614,2.662126852,2.851433638,2.377312777,2.251568761,2.173107362,2.129582341
Ethylparaben,0.561659729,0.901751744,0.007723,0.07608,1.015556938,3.246496103,3.275665713,3.29507877,3.20970453,3.113803506,3.17394074,3.166759703,3.28724133,3.16313747,3.189760342,3.123148641,3.131978224,3.16454906,3.163729057,3.26174088,3.288625574,3.182814242,3.292314772,3.163211095,3.234406306,3.329749074,3.182538949,3.16325334,3.267914248,3.212738685,3.280597295,3.418434072,3.347777261,3.132093052,3.174410719,3.224849797,3.26847621,3.245419042,3.162507,3.129761945,3.14106063,3.227773822,3.374736718,3.317770634,3.244676322,3.301118802,3.361160347,3.292272056,3.310568963,3.205913771,3.22277238,3.352541653,3.345849224,3.243003998,3.285847173,3.18620843,3.344971067,3.229590759,3.296979807,3.265680016,3.317195833,3.257921819,3.233618342
Palmitoyl-L-carnitine,0.646542871,0.956054671,0.01368,0.1025,1.017636684,4.006202564,4.033130523,4.054302037,4.008544612,3.747847377,3.585974737,4.01759605,4.100997655,3.849037713,4.034553477,3.916130392,3.887657668,3.944332907,4.015256281,3.933705275,4.072979687,3.950598942,4.117460847,3.963216619,4.102151413,4.007582618,3.938593507,4.002111551,3.944999039,4.014994068,3.954291208,4.049919346,4.055224963,4.053995985,3.9465501,3.979530304,4.016120987,3.955291913,4.050802007,3.864223987,4.047503567,4.12793585,4.181132897,4.088571435,3.873522935,4.129556585,3.955537838,3.843258388,3.949411126,4.148465659,4.050405991,4.093997627,4.172849485,3.981936229,4.114122921,4.009688838,4.110603221,4.086685768,4.072736013,4.033475887,4.052850886,4.237301161,3.909150249
1-AG,1.222813482,1.293721951,0.03049,0.1524,1.067690831,2.276528986,2.239460294,2.246888829,1.926683576,1.46858101,1.848464388,2.36071281,2.230352101,1.639889008,2.099654915,2.099039325,1.96340444,2.168357191,2.299377813,1.874148171,2.19554309,1.997928062,1.958925616,1.947719345,1.935173479,2.221188907,2.135514637,1.964785587,2.242099755,2.352958169,2.461700129,2.52389647,2.859077509,2.517553386,2.135429271,1.75336816,2.131811303,2.070435881,2.230916326,2.144024037,2.15963465,1.929830871,2.233764362,1.867515279,2.227534846,2.294161357,2.35598594,2.324767182,1.692122493,2.363178501,2.128592587,2.335561552,2.188499903,2.001182022,2.141581603,2.543298949,2.276632096,2.312306585,2.613294032,1.928305803,2.090873887,2.535421157,2.262445633
Bis(2-ethylhexyl) phthalate,0.737723052,1.225613181,0.04226,0.1795,1.031485468,3.458468412,3.801670005,3.915581223,3.694472421,3.930968832,3.629596513,3.673765988,4.203400078,3.849377576,3.540204574,3.502087135,3.365423029,3.755616018,3.531083984,3.852932942,3.578199288,3.545799244,3.628097074,3.778806318,3.625154142,3.508124005,4.041179604,3.721974148,3.578238535,4.027331208,3.876289638,4.044143444,3.791438985,3.8758207,3.558675843,4.163054235,3.737799292,3.893064905,3.694650574,3.463122807,3.747961654,3.535062505,4.208456879,3.654071823,3.902017141,3.748038691,3.638430139,3.426228395,3.775237456,3.676697549,3.803027863,3.952673378,3.727139351,3.726359012,4.016637801,3.959720033,4.36524776,3.857079917,4.208536047,3.944993526,4.033524931,3.779377464,3.732633018
Glycerophosphocholine,0.904968031,1.018570429,0.0287,0.1483,1.023152877,2.967372595,2.918586944,2.805318241,2.768488564,2.803164827,2.803591216,3.03659203,3.014773247,3.132189746,2.98626167,2.804550634,2.917734246,2.718709295,3.172889382,2.890827814,2.772048461,2.872115831,2.948654323,3.066136204,2.996576839,3.122891949,2.875551335,3.048489079,2.84614848,3.009177258,3.071386498,3.189400259,3.170883391,2.864337226,2.96526106,2.821303852,2.915437799,3.009073853,3.021625202,3.005326052,2.96851381,2.930346498,3.066981686,2.891014046,2.948306257,2.979997657,3.061720951,3.151951701,3.108850754,2.974263291,3.101395074,3.028232172,2.942106754,2.958929911,3.088396655,3.239328375,3.016230191,3.071617686,2.990000632,2.820674732,3.040213057,2.904602076,2.904459895
"2,3-Butanediol glucoside",0.552733003,0.751452708,0.006697,0.06907,1.028433152,1.660190266,1.688351503,1.714272389,1.701951108,1.556881491,1.686385716,1.598274591,1.720716981,1.689917649,1.723161624,1.53922789,1.597259614,1.698597644,1.616602066,1.711351126,1.647486422,1.686139659,1.648812821,1.621187837,1.627900779,1.63348906,1.532926238,1.609617704,1.660852716,1.746967963,1.650390693,1.754631097,1.68546465,1.643451771,1.590433018,1.601049366,1.639320998,1.64938471,1.645522298,1.624821454,1.67878452,1.679267813,1.755261966,1.775478153,1.552557372,1.69568876,1.73136814,1.642170844,1.690457468,1.664713477,1.660153946,1.705475075,1.730021983,1.706055985,1.787456498,1.686535171,1.765859106,1.750361779,1.761858551,1.870504012,1.803029687,1.745258184,1.725619725
L-Carnitine,0.60963707,0.943914173,0.005105,0.05962,1.014427412,3.195714588,3.427245764,3.382536078,3.367180476,3.310003894,3.266727234,3.262363123,3.45498952,3.404281497,3.320898592,3.277522415,3.255281606,3.300140557,3.24584065,3.35241427,3.331846663,3.426887954,3.346574988,3.317650493,3.393105643,3.336459319,3.265369993,3.375493721,3.255644829,3.436113739,3.201276491,3.374981923,3.45609219,3.433239026,3.347447288,3.315748092,3.425914354,3.415406391,3.342275448,3.437788001,3.459475428,3.416102809,3.328100878,3.363340523,3.252693873,3.411293455,3.316684963,3.344179264,3.403082845,3.252575565,3.369850675,3.41452511,3.389618651,3.342018427,3.442828689,3.326608378,3.325160573,3.404807458,3.378002093,3.394039152,3.420238624,3.351858356,3.358792061
Acetylcarnitine,0.726238303,0.997940368,0.00908,0.08254,1.020075963,3.744517391,3.757742326,3.890821856,3.753302473,3.529073095,3.441630844,3.650668708,3.756634756,3.562678264,3.673336068,3.660554521,3.553480463,3.784912685,3.608026273,3.692013482,3.859686801,3.654731587,3.898575428,3.69558458,3.655889538,3.672226067,3.667758648,3.650809852,3.743673288,3.713291521,3.556746777,3.767592045,3.876679575,3.701506403,3.699238952,3.897979153,3.86244648,3.731763161,3.781371679,3.569812117,3.736795115,3.806340518,3.820759928,3.736544671,3.746870038,3.799971801,3.548082253,3.588385313,3.658754955,3.78355322,3.775891731,3.774357442,3.665153228,3.796869976,3.852823321,3.704787899,3.687198784,3.721264495,3.908342516,3.791807199,3.869530407,3.985812524,3.661372859
Diaminopimelic acid,1.39394116,2.267871025,0.005457,0.06236,1.160453809,0.984216607,1.193307014,1.457834484,1.500471568,2.429103811,1.262069588,1.199748419,2.095734809,1.808388672,1.954941687,1.000314123,1.898903941,1.805647651,1.912222604,2.18861609,2.295512582,2.484389496,2.244999767,2.187755137,2.218378467,2.015977042,1.941248972,1.718413887,1.84315884,2.18112089,2.293936952,2.15501216,2.004447471,2.389432333,2.023081784,1.630682747,1.823706112,2.481700417,1.971289484,1.884888369,2.301796759,2.476672705,2.634630421,2.380172135,2.575712088,2.136775924,2.143354884,1.794450399,1.708228476,2.035236893,2.149959156,1.573393987,1.318499447,2.327700834,2.462310238,1.804184781,2.08784689,2.931937239,2.138195059,2.349407796,2.373744543,2.387557484,2.289164917
Propylparaben,0.733980668,0.818467829,0.03493,0.1646,1.041132839,1.330852234,1.51854607,1.472983372,1.448743662,1.454294247,1.522602389,1.493811705,1.644573258,1.486368695,1.576765764,1.09398236,1.433382068,1.525546262,1.433397334,1.562355221,1.474199032,1.509586062,1.535063714,1.520302456,1.516747677,1.52055116,1.431139104,1.469850724,1.560405284,1.510344021,1.500423908,1.601676196,1.52178838,1.501722819,1.556259736,1.533504469,1.449270959,1.426969023,1.505484325,1.503619596,1.395195101,1.511450387,1.064410561,1.576897696,1.475049674,1.577798218,1.490667484,1.498938422,1.599417488,1.566874123,1.597232898,1.567935375,1.628911805,1.539566427,1.664146402,1.582422124,1.601178406,1.642393575,1.617313581,1.719427411,1.667364429,1.608050158,1.608174225
L-Pipecolic acid,1.082252587,1.708015879,0.0239,0.1359,1.144262295,1.362739959,0.892392453,1.131714145,1.175194011,1.761594403,0.795739015,1.092932169,1.914560081,1.307028775,1.518273307,0.703605726,1.668991264,1.608880834,1.619538187,1.447409054,2.077645771,2.247820925,1.923957997,1.793640156,2.005932794,1.630783848,1.587721435,1.325196646,1.562619152,1.731426773,1.762137855,1.760981154,1.734461557,1.93985894,1.602164555,1.4359936,1.631111961,2.114783067,1.557026419,1.267138534,1.763480069,1.996950246,2.043401007,2.001977035,1.977056024,1.796319422,1.753729582,1.361021051,1.187589096,1.758335431,1.770308085,0.955243802,1.052554524,1.763848486,1.895723459,1.562954324,1.540103527,2.133241836,1.952590975,2.169325554,2.333495756,1.908428213,2.132708236
"2,3-dihydrobenzofuran",0.486397961,0.715086485,0.01483,0.1058,1.019843342,1.893068017,1.986775721,1.993551709,1.8647818,1.908032377,1.90374897,1.81711327,2.049164101,1.94013367,1.982658359,1.819157213,1.858330375,1.888514481,1.90442368,1.895438443,1.834371264,1.932347399,1.909473021,1.947602452,1.947899419,1.945863408,1.847086108,1.888360703,1.922294948,1.966810077,1.939728084,2.044584526,2.020106856,1.971706125,1.89504371,1.877749426,1.910951246,1.922743433,1.908956086,1.912544129,1.861536309,1.964629177,1.909537204,1.937244426,1.921236741,1.898793091,1.957492788,1.830610682,1.941339693,1.958392873,1.990265186,1.919098348,1.912070272,1.960767592,1.978873167,1.971820495,1.976963526,1.975861833,2.015834733,2.007176823,2.119228263,2.014788315,2.012191935
Phthalic acid,0.951488671,1.540509968,0.01067,0.08952,1.116755118,0.733515171,1.612128439,1.444110785,1.327354328,1.144513459,1.323808822,0.996555739,1.363202334,1.44850582,1.422770287,1.510907352,1.261091166,1.537953226,1.197247488,1.489777059,1.331219424,1.492315386,1.317445993,1.020833258,1.292338412,1.461775098,0.992569335,1.400930589,1.168809242,1.567679182,1.42883157,1.660865216,1.628150621,1.386538466,1.246592998,0.747341411,1.361679271,1.304907743,1.445675238,1.146232203,1.290587083,1.523638195,1.875727455,1.377090835,1.170879068,1.471896251,1.556040667,1.259671835,1.494954092,1.534649661,1.30156656,1.727932265,1.709643332,1.428310645,1.495889723,1.609934298,1.78683833,1.658289423,1.672722646,1.74697024,1.755424127,1.422008783,1.352566653
Asparaginyl-Phenylalanine,1.719968062,2.773706054,0.009457,0.08452,1.249605885,0.36902657,0.39478539,1.035726742,1.532904413,2.523900338,0.363602017,0.382303104,2.512923526,1.824300693,2.168927542,0.392301299,2.628741889,1.922626689,2.250350694,1.812744719,2.623034008,2.896257821,2.750875885,2.658313558,2.626076392,2.361774913,2.338053943,2.300071148,2.036958287,2.394259303,2.384966166,2.153697828,2.502556572,2.459409816,2.275850342,1.731950116,2.16348432,2.709466488,2.399772882,1.917469022,2.627455652,2.640899089,2.979436817,2.821739886,2.696967519,2.556646033,2.433729747,1.026281413,1.511211998,2.302104919,2.523006717,1.56561064,1.742522417,2.769491337,2.485641608,2.155902315,2.209814365,2.851712712,2.498680002,2.952201062,2.920741481,2.703900044,2.822491398
L-N-(1H-Indol-3-ylacetyl)glutamic acid,1.139447398,1.236184612,0.04029,0.1759,1.091226321,1.744018997,1.930927677,2.397810719,2.246551467,1.120216707,1.949770092,2.01377751,1.958393158,2.16352288,2.187030184,1.836327558,1.62915317,2.577849102,2.044953229,2.119882665,2.129303647,1.869608171,2.152521085,1.713083273,2.587660958,2.160518012,0.84014491,2.03114282,2.411655444,2.287978077,2.045391803,2.037008261,1.976489454,2.465878685,2.206334618,2.442520122,2.627054658,2.358622014,2.252222558,2.373848774,2.058172162,2.352432155,2.113615553,2.074608279,2.145022726,2.374779499,2.048216833,1.998909289,2.130667113,2.374869812,2.048326355,2.358902863,2.756212322,2.271528286,2.133335963,2.287491885,1.132520004,2.152779048,1.899126917,2.191316333,1.911887367,2.147007533,2.340588171
"(+)-2,3-Dihydro-3-methyl-1H-pyrrole",0.508286701,0.800212873,0.03231,0.158,1.033749083,1.394589609,1.505866175,1.344054086,1.383425968,1.299166016,1.385845062,1.287590741,1.428236533,1.422924901,1.387843879,1.277454536,1.30321218,1.315756017,1.359368255,1.405325982,1.275620511,1.321072702,1.212961971,1.413326547,1.372762273,1.357657074,1.393156813,1.34245922,1.386899238,1.450892648,1.403773112,1.518737047,1.514014438,1.473633817,1.418974289,1.31709949,1.238113501,1.280437518,1.309391537,1.381106987,1.377501249,1.432577669,1.601025692,1.45456556,1.353490007,1.477665599,1.423992177,1.326575053,1.300790746,1.34786521,1.469966243,1.467394796,1.28648862,1.398333618,1.424058917,1.347197336,1.541722725,1.471160352,1.528333054,1.368363405,1.496452224,1.464223906,1.276498857
Benzophenone,0.757621111,1.213023179,0.001144,0.02581,1.047732697,1.641153687,1.751614677,1.742527078,1.683106344,1.598079553,1.654417881,1.615478558,1.851888817,1.662740327,1.787494254,1.492865101,1.5785349,1.667296849,1.616389654,1.805241737,1.627634892,1.6687373,1.579655185,1.681150249,1.710979855,1.677080263,1.563946865,1.691560044,1.751724654,1.740254651,1.726169736,1.866927352,1.823292222,1.765570576,1.739818749,1.602192528,1.571090615,1.611009817,1.644700915,1.597890705,1.63787993,1.714299118,1.894148554,1.757316947,1.705552027,1.730113096,1.76297928,1.647562967,1.791841062,1.723731523,1.811365955,1.811125042,1.734215983,1.685627039,1.867839337,1.773324111,1.834810433,1.804618846,1.889718411,1.835126155,1.889518527,1.883827188,1.794897803
Physalin L,2.01899734,1.971263188,0.008523,0.08019,1.254313099,1.792518529,0.582709104,2.369044263,1.796418024,1.594572277,0.907862949,1.762536155,0.433354698,1.762819525,2.074859709,1.008537089,0.788088186,2.382083327,2.251530441,0.360048838,0.67340041,0.742694187,2.354614764,1.827506841,1.863535587,1.942868343,1.26033924,1.321405298,2.363057944,2.263427133,2.222310552,2.107388186,2.086737734,1.749423779,1.896994526,2.244757546,2.706645397,2.019365895,1.808869779,2.452183665,1.526541636,2.394283265,2.320963909,1.033039725,1.71018277,2.074061089,1.381388458,0.821365192,1.889521604,2.215553777,2.164732095,2.093130336,2.852806389,2.182854758,2.07109107,2.169679184,1.489083153,1.383549652,2.100180733,2.120854377,1.867985661,1.882084909,2.00543499
"2,3-Dinor-6-keto-prostaglandin F1 a",1.099280953,1.339875309,0.03585,0.1666,1.080931264,1.754581312,2.127633429,1.84136375,1.850989757,1.187415007,2.237562062,2.201419649,2.036367734,1.818660219,2.183037365,1.967942157,1.640338989,1.231245781,1.928619372,1.36365611,1.634787231,1.737110535,1.619899925,1.930802131,2.028239676,2.011473254,1.907439008,1.383669495,1.815469314,1.639383467,1.82699967,2.127050299,2.172986628,1.945545876,1.903505849,1.845031168,2.15447237,1.675958774,2.02341692,1.724357481,2.462123797,1.539477094,1.855098572,1.635449885,2.093448343,2.331095464,1.658528966,2.185786019,2.00330474,1.713735803,1.939396904,1.993562908,2.05198993,1.983952004,1.807945535,1.418976862,1.949670971,2.067048542,1.988780777,2.189334803,1.833200572,1.875779966,2.237171276
11beta-Hydroxytestosterone,1.399046993,1.996160722,0.001325,0.02813,1.151515152,0.78069135,1.409388175,1.291292498,1.579529939,1.681735776,1.105838665,1.623752728,1.385005627,1.458133607,1.383628076,1.166909334,1.286523757,1.250224644,1.479812711,1.308975242,1.681264366,1.704269897,1.652649101,1.767617541,1.647093209,1.980516157,0.747173647,1.241715622,1.380881975,1.348048111,1.549652304,1.402253786,2.042223123,1.360983081,1.637656189,1.487400472,1.387949215,1.795234222,1.740320584,1.484370067,1.716323397,1.783834074,1.713271247,1.580774492,1.704126867,1.746701534,1.094618188,1.701396858,1.369490715,1.727117935,1.728255931,1.536417705,1.884165698,1.601176402,1.615961662,1.826757252,1.320739902,1.801868753,1.777303379,1.710004665,1.379935814,1.780995413,1.86300568
Sambutoxin,1.234098259,2.146437622,0.01171,0.09389,1.140649973,1.565093789,1.60799865,1.611909,1.593465392,2.341404167,1.555835259,1.58741902,2.086772176,1.552038674,1.633917043,1.603933492,2.003570978,1.647138135,1.696488898,1.604272984,2.439214766,2.637104685,2.266312871,1.862692113,2.661665572,1.959838574,1.897820746,1.764716278,1.588006075,1.839869405,2.204838097,2.182821648,2.025124324,2.298568614,2.142093334,1.537700346,1.581120878,2.340222038,1.799580287,1.654351102,2.339068514,2.397713709,2.840040816,2.610344486,2.59442433,2.084604449,2.174236983,1.563345678,1.575774111,2.309479726,2.32777518,1.595845386,1.630152619,2.040991992,2.504330354,1.573418912,1.917366112,3.019261756,2.00792665,2.286550413,2.611059454,2.455657607,2.504372342
Retinol,0.782175413,1.175968935,0.008203,0.07878,1.023646546,3.0340086,3.251662597,3.165069833,3.251068043,3.101802404,3.217123272,3.139135147,3.111699485,3.334189725,3.181960061,3.155092428,3.319592769,3.189293287,3.168124502,3.11270729,3.33943613,3.268548769,3.313321694,3.210096237,3.173610659,3.269997056,3.221519815,3.267438923,3.381674662,3.303265077,3.093697884,3.617230241,3.348790704,3.249284719,3.325395173,3.340845456,3.351081514,3.513129355,3.259717638,3.139948341,3.320609719,3.169426543,3.278687874,3.34235043,3.132499285,3.465925944,3.144505771,3.296433334,3.190128987,3.287598127,3.174242768,3.379493642,3.326434836,3.152603743,3.262262675,3.290440616,3.165214293,3.173134482,3.418515377,3.303729549,3.398395513,3.150181963,3.320390733
PS(18:0/20:1(11Z)),1.44697211,1.819136798,0.002235,0.03945,1.063598032,2.717002758,2.89646591,2.90567305,3.018012658,2.386810451,3.013908564,2.79673075,3.076477217,2.572031097,2.819753485,2.552574379,2.938349191,2.915356898,2.936611303,3.198462151,2.990578843,3.100276375,2.520595264,2.784908062,2.984993549,2.977660721,2.661277576,2.293096314,2.92529512,3.152325144,2.859492594,3.234076004,3.421642583,3.340116425,3.263404491,2.682318172,2.976128647,2.874708116,2.829127244,2.850111582,2.861003246,3.013318501,3.015846831,3.042048095,3.207094634,2.954741692,2.924265603,3.27270026,3.09055388,3.112175423,2.752163386,3.022279515,2.897846635,3.005623402,2.775393875,2.866223833,2.958123876,3.318567012,2.663325123,3.070265622,3.325455113,3.113462921,3.116231682
LPC(16:0),1.727757604,1.585104178,0.03095,0.1538,1.130925508,1.47522977,1.402646333,1.257302145,0.795144135,0.913643208,1.378248295,1.744315031,1.282295446,1.068630902,1.429932986,1.286228941,1.543045291,1.148394466,1.73692064,0.558826557,1.3249278,1.403678907,1.373043863,1.090357023,1.313109971,1.918031931,1.217381199,1.574333554,1.267255102,1.309047082,1.740648687,1.610329124,1.776100878,1.629422592,1.685628897,1.15297567,1.232036425,1.165188041,1.38501155,1.494659038,1.249636448,1.343268986,2.230977875,1.583959752,1.708369309,1.4714644,1.431071638,1.469843746,1.453795991,1.416629375,1.825288986,1.602768069,1.920218529,1.449048669,1.596362885,1.675810192,1.735013691,1.63151614,1.594716274,0.565377088,1.372122633,1.007581063,1.621075157
Antibiotic X 14889A,1.207913267,1.472143503,0.03517,0.1647,0.932588194,2.861341847,2.936729966,2.99604142,2.919174074,3.047079395,2.930337701,3.018284491,2.841531445,3.115516567,3.118391331,2.919746381,3.124159207,3.023421436,3.007986692,2.813267129,3.062127491,3.03626591,2.326693731,1.881041708,2.897454522,2.969327268,3.062819113,2.928561522,2.410582397,2.505587323,2.673797111,2.59074171,2.811098983,3.0333268,2.852210573,2.683211298,3.100186201,3.100493012,3.032943157,2.982605459,1.621521722,2.228562351,1.744917508,2.897223022,2.829932264,2.330730267,2.813963921,2.012609419,2.462891234,2.885512019,2.674301253,2.731365564,2.924027769,2.868624057,2.294310679,2.678547197,2.780588403,2.649412239,2.716655283,2.447744523,3.05519379,3.036404958,2.581728447
Triphenylphosphine oxide,1.277806971,1.83114024,0.0005872,0.01688,1.074875208,2.291719172,2.670850966,2.478602967,2.668389474,2.31905306,2.512586411,1.945965149,2.557065459,2.374224173,2.58939774,2.447769048,2.173559082,2.383742732,1.889280057,2.375139602,2.368602037,2.347369689,2.406876329,2.522371051,2.500456711,2.470110045,2.13041061,2.392604964,2.597655001,2.597150609,2.499682962,2.724988175,2.418056918,2.441782645,2.507799248,2.213150184,2.252730651,2.322535319,2.433902184,2.354618399,2.647339067,2.596041014,3.15618041,2.570008408,2.445601816,2.675496861,2.650640102,2.438327291,2.588380417,2.544109592,2.66448604,2.617779532,2.618421203,2.644433434,2.70902446,2.561772269,2.771816075,2.660988361,2.700038784,2.760957732,2.71028037,2.603988461,2.675459191
3-Methyl-?-pentyl-2-furantridecanoic acid,1.250827346,1.654481876,0.005038,0.05955,1.071762208,2.301039857,2.711352249,2.451717316,2.675028888,2.234398661,2.525388614,1.938483902,2.482625056,2.218890804,2.541797079,2.333723073,2.073752141,2.317450037,1.929481358,2.343239932,2.324612547,2.35442844,2.321688111,2.430776303,2.465580412,2.431014076,2.036521664,2.251455391,2.514664021,2.56370532,2.451830686,2.725695752,2.414760402,2.316601803,2.367410905,1.987272429,2.063019879,2.217693967,2.331681401,2.284020693,2.520092779,2.523709071,3.227017534,2.521674818,2.328254038,2.637360019,2.547093192,2.297702107,2.521188583,2.484358465,2.629335775,2.632420644,2.577486509,2.572200729,2.683774621,2.497224427,2.823786691,2.672474557,2.656329214,2.697549213,2.711421845,2.608039766,2.689952218
Prenyl isobutyrate,0.476072745,0.637700117,0.02049,0.1249,1.012038523,2.472381056,2.588515693,2.533411655,2.535380101,2.4352893,2.496406593,2.425420075,2.559408684,2.523609149,2.522054917,2.440815753,2.43850896,2.502328348,2.456875247,2.505786358,2.464550984,2.485067508,2.461497067,2.492521588,2.506795359,2.495452521,2.405998304,2.493786552,2.50063484,2.540667276,2.518989569,2.618579938,2.55824609,2.500844513,2.469770495,2.433109737,2.458226645,2.469563081,2.466374495,2.463555017,2.501001624,2.505905408,2.612632815,2.511892581,2.463927294,2.498147647,2.517397369,2.449921418,2.513790709,2.510543666,2.532685358,2.54274687,2.530181252,2.516424179,2.550499807,2.502836843,2.585578613,2.557230844,2.594978938,2.570628217,2.609112672,2.552477644,2.535413217
"2,5-Dibutyl-4-methyloxazole",0.875788848,1.055658174,0.01764,0.1167,1.065891473,1.156677009,1.432760311,1.364792031,1.374600103,1.292938185,1.37608386,0.951732916,1.552021636,1.305989894,1.331845874,1.168411743,1.350311422,1.251569321,0.858367081,1.275681288,1.199021566,1.283152602,1.362265227,1.330890593,1.233751867,1.426538887,1.069169112,1.396497849,1.346382022,1.510900932,1.328116734,1.620631286,1.220051758,1.268235967,1.261224586,1.267614072,1.311009858,1.153624383,1.418039707,1.286455247,1.491167991,1.302129853,1.603092441,1.50218222,1.285368962,1.436646594,1.411587636,1.396914925,1.281065341,1.293945104,1.343719419,1.348332326,1.357565319,1.362637697,1.419062315,1.344743347,1.441571069,1.337400685,1.351853825,1.474048486,1.390309702,1.413053013,1.590473469
"PC(18:0/18:2(9Z,12Z))",0.963316054,1.469223034,1.74E-05,0.00162,1.020762712,4.620882923,4.814687906,4.766199729,4.813210921,4.708394501,4.773866847,4.63982172,4.861469718,4.738711916,4.64627888,4.570631401,4.600641835,4.71031193,4.623250688,4.752383647,4.605004474,4.668965636,4.683404348,4.77389304,4.798019199,4.754016235,4.544703763,4.76046213,4.743437373,4.864546005,4.876800845,4.856604358,4.878646677,4.79801588,4.807603262,4.757594967,4.673308682,4.651358887,4.759496049,4.805289992,4.835854274,4.810228341,5.000200683,4.827745548,4.843469788,4.861696429,4.837709789,4.769628386,4.826215884,4.817727337,4.87483869,4.809998381,4.765282587,4.867209191,4.872908455,4.787980857,4.867124981,4.88464833,4.802542935,4.825140608,4.789466684,4.734093333,4.86053334
Doristerol,1.176520641,1.822846475,1.34E-05,0.001398,1.043465046,3.079571229,3.306320719,3.279661628,3.106950154,3.084742561,3.248398103,3.044421833,3.447655441,3.218009428,3.316360532,3.072873483,3.203589523,3.399218629,3.259361486,3.413462313,3.32794243,3.295291872,3.384269197,3.362680835,3.365904223,3.315447817,3.254320655,3.372725492,3.489346959,3.487250666,3.407323339,3.55605923,3.406267748,3.376653291,3.397477454,3.291666751,3.465207798,3.321650611,3.273542916,3.348197872,3.354106209,3.451870182,3.712595311,3.427592624,3.590190023,3.441841896,3.371815261,3.574318896,3.442508767,3.410868026,3.4586185,3.476482245,3.24093765,3.433553091,3.447816375,3.410957765,3.355265792,3.387658839,3.416011282,3.554196888,3.558824201,3.503706231,3.409399591
1-Palmitoyl-2-linoleoyl PE,1.086655915,1.401927691,0.02535,0.1383,1.039607312,2.477415847,2.955627343,2.802896905,2.858796,2.978935148,3.115223922,2.683476138,3.175743449,3.245183772,3.088972779,2.815531553,3.037551335,2.953598031,2.906474121,3.149425526,3.090964783,3.111831768,2.974433976,2.467387798,3.065106258,3.198030022,2.873637118,3.091274948,2.609248928,2.933343078,3.152938765,3.36210567,3.265767565,3.066193996,3.105440153,2.961510073,2.865099242,3.10336497,3.170260514,3.198525435,2.893240378,2.958606695,3.166370342,3.320600482,3.099578443,2.932815038,3.26831389,2.614872961,2.85156241,3.173808143,3.179839299,2.933517266,3.170009197,3.036483815,3.097314145,3.214815673,3.226063802,3.01194123,2.978791266,2.92323943,3.306060143,3.127796595,2.696937468
"PS(22:4(7Z,10Z,13Z,16Z)/24:0)",1.642364998,2.331341609,0.004752,0.0587,0.86009256,3.033609955,2.880449566,2.759263236,2.964761035,2.996240371,2.897725633,2.944545216,2.640464181,3.179125789,3.006001725,2.917707628,3.253958304,3.009875937,3.087325587,2.801408493,2.99413066,3.064475521,1.99378962,1.682371996,2.917450991,2.956878261,3.044581851,2.83464025,2.291724855,2.39956702,2.481904246,2.813928744,2.823349969,2.994017133,2.798123275,1.976139699,2.909334948,3.041730071,2.908361486,3.056128002,1.151168103,1.938507685,1.122361725,2.823200495,2.075705412,1.785171077,2.810520932,1.858056599,2.193927633,2.748278822,2.400554823,2.543490895,3.004182967,2.534862752,1.829705866,2.172796308,2.849638649,2.743967954,2.559366153,1.711241636,3.014307229,2.98362112,1.126090809
Vulgarone A,1.210437717,1.66325166,0.003034,0.04609,1.072023314,2.347611022,2.436580529,2.883710671,2.356772736,2.16671292,2.481252425,2.266335203,2.691046686,2.603954958,2.417820196,2.352166767,2.088188787,2.641095959,2.364405553,2.466856294,2.236600325,2.208723085,2.218614718,2.206394425,2.362523807,2.55134109,2.319245022,2.404431719,2.096165107,2.753677894,2.540041142,3.023994442,2.768043715,2.686072465,2.454464955,2.225108895,2.487037632,2.453301543,2.517917314,2.284732309,2.524469369,2.293553676,3.01789305,2.394438013,2.5763554,2.508326624,2.677816369,2.363194141,2.400432359,2.333421577,2.641409484,2.37902754,2.458931809,2.598578462,2.562694036,2.724886365,2.704891028,2.50193586,3.122810864,2.74156199,2.839861333,2.477510798,2.643989577
CL(8:0/22:0/22:0/24:0),0.902903781,1.045260708,0.03541,0.1653,0.979819068,4.430169663,4.234896246,4.465709673,4.257984373,4.439673927,4.351512767,4.385050893,4.234735121,4.42819724,4.402419945,4.294138191,4.38791077,4.392066686,4.396956789,4.337492471,4.327242196,4.374131177,4.233823181,4.193896899,4.271782222,4.311341806,4.378168051,4.229434503,4.140692462,4.108273541,4.089494109,4.260791101,4.149960601,4.356464447,4.292901022,4.382474427,4.451146863,4.402925123,4.385641567,4.372421647,4.062607061,4.199953745,3.360306737,4.246059238,4.360978768,4.118373861,4.227727319,4.241877822,4.301477558,4.203975522,4.234655876,4.248377454,4.252589505,4.308921146,4.208792195,4.273905449,4.119468942,4.143891712,4.176736491,4.174046067,4.261654122,4.299581245,4.073927579
"9-deoxy-9-methylene-16,16-dimethyl -PGE2",0.867975345,1.244024769,0.003216,0.04731,1.030100334,3.031432147,3.113890531,3.07845809,3.090315797,2.947872613,2.776407755,2.952066925,3.189266854,2.909107974,3.012518629,3.036711866,2.912977255,2.887566449,2.788583281,2.973195553,3.103820748,2.806942541,2.987951567,2.870647729,3.017965672,2.920891323,2.999953601,3.014972633,3.181830421,3.039135284,3.098121592,3.012623409,3.167208194,3.205090172,3.191210558,3.015692824,2.924222127,3.034024995,3.03299382,3.009486463,3.085736773,3.174929977,2.962886216,3.042015542,3.072392461,3.339488727,3.069563058,3.007261304,2.802293559,3.275024694,3.142151755,3.120445541,3.082923684,3.002716108,3.065657267,3.148639577,3.199236081,3.109432623,2.928946234,3.095594433,3.026807444,3.230596022,2.986486908
Epoxymurin B,0.820999358,1.299928703,0.02285,0.132,0.950315789,2.608705515,2.540921637,2.315187674,2.614145443,2.439531966,2.479299377,2.45116437,2.177334862,2.55484316,2.512456144,2.420602874,2.298672539,2.560360289,2.524923557,2.352123999,2.316486791,2.409248701,2.402510272,2.132288759,2.070983864,2.142279376,2.372710908,2.309817488,2.57981618,2.061817205,2.11170686,2.226288562,2.469717832,2.417501886,2.330895208,2.208893744,2.333839952,2.430012699,2.342852037,2.536171294,2.209679226,1.888116937,1.778932822,2.416676677,2.375445515,2.066937942,2.250228984,2.389839915,2.523500464,2.442998983,2.268406399,2.134334215,2.045811286,2.478333767,2.084590218,2.439023701,1.854498322,2.240763864,1.955630703,2.006669858,2.258274357,2.293408333,2.515800604
Alpha-Terpineol propanoate,0.620558533,0.923562359,0.006858,0.07029,1.036610169,1.393866234,1.49175709,1.603625684,1.425347726,1.472611553,1.509148864,1.388466845,1.602534828,1.453762811,1.538800859,1.315358328,1.434238621,1.487770865,1.522442577,1.452490726,1.440536352,1.500117568,1.459658915,1.448541843,1.428421952,1.470655431,1.553918703,1.495014557,1.392830714,1.499315883,1.572253594,1.608546097,1.5364764,1.584468333,1.441584493,1.433338288,1.541183454,1.466490595,1.425128765,1.40177867,1.520727152,1.664061979,1.687505852,1.51537451,1.54301624,1.496168384,1.533123655,1.469034647,1.607932348,1.502425244,1.523363538,1.493844698,1.574591312,1.500353978,1.567637454,1.387412064,1.641222668,1.596516902,1.558070659,1.459588074,1.645236356,1.530213366,1.463225227
Butyl salicylate,0.648121511,0.934675837,0.00317,0.04693,1.014652015,3.58107414,3.613392672,3.63150704,3.57269314,3.456697642,3.515812855,3.531966031,3.592525666,3.528387852,3.540073464,3.491168672,3.478199968,3.501674684,3.514699453,3.60234631,3.549931505,3.523689855,3.496317205,3.50615842,3.559758976,3.66468818,3.523401104,3.520209051,3.599841346,3.544017986,3.627531073,3.763351092,3.677663137,3.469519212,3.495782153,3.559941084,3.608428087,3.608694398,3.524709034,3.504368477,3.493235076,3.551709685,3.709112781,3.597885817,3.567668145,3.647186848,3.710726877,3.614455966,3.659256369,3.552688471,3.588207197,3.702822686,3.610281439,3.560397551,3.608602952,3.535171898,3.680170924,3.52319399,3.65846223,3.624649922,3.65536237,3.578717397,3.585897224
Mangalkanyl glucoside,0.94612054,1.087284628,0.01202,0.09547,1.048179872,1.880596419,1.956680444,1.972925865,1.658585398,1.82815717,2.026149373,1.908662374,1.922032894,2.123183168,1.673865302,1.651308276,1.654844975,2.023860515,1.806130562,1.736897932,1.846602327,1.9139621,1.735707284,1.879191098,1.84795915,1.961654291,1.68619077,1.907645229,1.922203552,2.040461085,2.003410182,2.208843412,2.007596133,2.097125062,1.960796305,1.955277847,1.954294109,1.811287703,1.931248656,1.912916159,1.756089637,1.949136452,2.197459129,2.103555575,2.074714049,1.978547647,1.97483801,2.060854348,1.972882225,1.872169774,2.043444442,2.123116026,1.663029633,1.927750861,2.060567371,1.915942083,1.667454981,1.964820594,1.963244127,1.864033413,1.883196715,1.837881061,1.952861477
Methyl dihydrojasmonate,0.895366144,1.257358225,0.0001487,0.006969,1.056651814,1.497609018,1.542420729,1.707425748,1.605772942,1.456958074,1.47519766,1.625207565,1.670064378,1.547144081,1.772398582,1.671583683,1.41245222,1.595361216,1.577948079,1.565895552,1.527760201,1.417682034,1.644025977,1.537586435,1.466352711,1.568803164,1.470410322,1.549398295,1.77630899,1.572228286,1.58076962,1.733133905,1.733378544,1.583154094,1.685331558,1.578010494,1.639014202,1.605352608,1.656902502,1.489358377,1.672938627,1.640162814,1.692198774,1.65672748,1.603956033,1.638433123,1.560686529,1.612669772,1.667267945,1.68217709,1.676887199,1.702455408,1.708051103,1.542775465,1.759891425,1.593621445,1.640789954,1.69528208,1.746874959,1.794898494,1.717841561,1.783950821,1.625972766
Lymecycline,1.408238779,1.302300135,0.03124,0.1549,1.100628931,2.439918567,1.223335535,2.721135702,2.236732456,2.139774717,1.652726076,2.263233071,1.587959896,2.328488364,2.553500598,1.965466806,1.733411288,2.866547974,2.630863253,1.643061688,2.024584597,2.041866594,2.818490051,2.301679512,2.547891193,2.39790858,1.793360519,1.948897525,2.763179922,2.599288942,2.656822802,2.461179009,2.36830767,2.29085415,2.412202322,2.677992318,3.056612229,2.704848285,2.478118997,2.867992067,2.083443643,2.831550774,2.765324523,2.08700714,2.339056493,2.594743412,1.958944039,1.56656663,2.253489699,2.6462882,2.521225361,2.468830828,3.148616784,2.608998738,2.504150986,2.552812164,1.926057219,2.01703746,2.449309479,2.59056493,2.28831771,2.309179738,2.566601557
"3,4,5-trihydroxy-6-[1-(4-methoxyphenyl)-3-phenylpropoxy]oxane-2-carboxylic acid",1.816201425,1.838106545,0.0009532,0.02329,1.173285199,0.559664244,0.737809201,1.261132459,1.156735384,1.273725182,1.386635808,0.826271509,0.824773738,1.230762045,1.118623264,1.487195817,0.985953865,1.32032608,1.422267197,0.656212406,1.127247382,1.272667971,1.202384814,1.031711798,0.890516556,0.910626446,1.356492697,1.024055259,1.230848135,1.218917927,1.288208703,1.405063985,1.480600238,1.071494345,1.293676518,1.384723566,1.294347934,1.275820049,1.5283146,1.672725854,1.383041434,1.222461061,1.12551944,1.239637709,1.4084654,1.39665351,1.225184588,1.05461286,1.129723453,1.272214894,1.552979613,1.233923141,1.54045147,1.302838707,1.311834229,1.266190803,1.149720773,1.150654405,1.567077319,1.404796835,0.927282816,1.281747608,1.034475668
3-Methyl-1-phenyl-1-butanone,1.007051983,1.209900638,0.000182,0.007768,1.033279221,2.499564244,2.565028576,2.509988697,2.594443716,2.358383148,2.382050686,2.359910227,2.446440165,2.403056634,2.44548089,2.405164009,2.353178528,2.436241144,2.499369444,2.465361483,2.403489388,2.502063581,2.475050231,2.47458689,2.428310434,2.680678084,2.487878908,2.383162242,2.431758643,2.513356774,2.571194356,2.704523153,2.621328072,2.428725686,2.456580732,2.549181506,2.515932748,2.536045336,2.543542387,2.448730718,2.441816453,2.546822764,2.65551504,2.545348717,2.497940912,2.580542354,2.75198374,2.542600549,2.561981819,2.528503446,2.561654146,2.588826185,2.522580262,2.455036391,2.548880221,2.495375615,2.53852823,2.468058395,2.609946991,2.619801906,2.626831528,2.502267523,2.474911333
Alpha-Farnesene,0.529399329,0.816080249,0.03345,0.1606,1.024232633,1.857120056,1.993162762,1.924758823,1.910578382,1.745320325,1.811206518,1.752284441,1.993277644,1.962612722,1.882368098,1.712828395,1.716786935,1.846484228,1.766912064,1.946981441,1.878885527,1.812939734,1.823965836,1.83506625,1.842829408,1.884462445,1.817805546,1.85841939,1.797389814,2.024207752,1.884690104,2.02415438,1.933648697,1.848786405,1.906428139,1.772343749,1.829574555,1.765454737,1.811100008,1.82742825,1.789319621,1.877443968,2.050477769,1.915457708,1.932903928,1.840111427,1.906711963,1.824629111,1.935457161,1.854867004,1.939433565,1.91211212,1.908880351,1.856205931,1.987441491,1.907641994,1.956682097,1.918485475,1.957637015,1.898320917,2.033016154,1.975913217,1.975025111
17-HYDROXYPROGESTERONE,1.007550004,1.310843282,0.04102,0.1781,1.106104651,0.34358498,1.778824167,0.953286029,1.489406613,1.456529194,1.231741131,0.973677147,1.262400231,1.344536288,1.482323787,1.454206006,1.249988829,1.778751649,1.390454258,1.520755452,1.645429553,0.964277037,1.821973184,1.563147457,1.405469707,1.654697882,1.141227698,1.400133528,1.625237488,1.393485085,1.46332504,1.631647126,1.91891624,1.108517728,1.485648295,1.400427666,1.299857327,1.832280589,1.59901672,1.42382879,1.40501211,1.703009549,1.669881344,1.46351875,1.722996051,1.713797622,0.95212602,1.391285122,1.390308583,1.509889602,1.557383961,1.842320007,1.389868207,1.532017751,1.807410871,1.376186376,1.380642035,1.408742408,1.695264987,1.678729012,1.395706939,1.513692838,1.496075604
2-Butyl-1H-benzimidazole,0.91301277,1.287813656,0.0002354,0.009327,1.067809821,1.251406696,1.380146823,1.356570877,1.382899968,1.160052413,1.252691689,1.228690022,1.320893745,1.332459027,1.317432572,1.11405158,1.192575026,1.269424078,1.296846252,1.275742119,1.210406172,1.299311131,1.204744368,1.185101514,1.288656368,1.399917001,1.265877452,1.219512796,1.367740308,1.3631314,1.417690518,1.448789697,1.383144314,1.445944313,1.431292909,1.255378439,1.284525241,1.202150115,1.303450786,1.278414931,1.220833429,1.312212295,1.541711777,1.340843386,1.339298597,1.331860901,1.336090763,1.3982301,1.421951277,1.282703969,1.345303494,1.358161577,1.316505514,1.361246163,1.430024347,1.426558324,1.412358812,1.381478653,1.404809449,1.546772194,1.571435795,1.322001749,1.404270651
16-fluoro-7Z-hexadecenoic acid,1.018313728,1.508607497,0.02762,0.1456,1.100911854,1.286787524,1.777953553,1.91436141,1.923326799,2.192555149,1.340966244,1.745686993,1.447070728,1.758437635,1.647086255,1.49710028,1.497090741,1.769909588,1.242771492,1.437899363,1.77229138,1.381570884,1.591668826,1.458655378,2.038426105,2.000518017,1.28862957,1.193834831,2.037305456,1.507865677,2.02048586,2.100644393,1.948038963,1.898177096,1.223041111,1.743692893,1.696952972,2.043964494,2.024098183,1.526185136,1.798991496,1.315129227,1.815145774,2.112641358,2.0463447,2.218505249,1.779607629,1.898850699,1.707577077,1.552247776,2.026485355,1.824139291,2.005097845,1.404576997,2.029520407,1.991337649,1.94934213,1.814430382,2.09101812,1.639805841,1.987859358,1.614827267,1.135125581
"N-[(3a,5b,7a,12a)-3,7-dihydroxy-24-oxo-12-(sulfooxy)cholan-24-yl]-Glycine",1.185524824,1.499661916,0.01823,0.1188,1.066901408,1.748172648,1.862663071,2.187504336,1.9246325,2.074113717,1.894830001,1.854025672,2.130258273,1.91403602,2.030482338,2.210354324,2.102748086,2.141921065,1.89585804,1.64837609,1.974312902,1.711762198,2.106360459,1.984327174,2.245039716,1.711004984,2.449873751,2.344506688,1.901559827,1.889043767,1.754008499,2.231719468,2.16732259,2.048492698,2.33836267,2.085222351,2.069981678,2.300400753,2.004381466,2.514656436,1.871031563,2.205443726,2.101344079,2.114866884,2.122645563,2.48950106,1.919553958,1.963860193,1.911627353,2.665599845,2.101369604,1.928934349,2.167733859,1.954346109,2.032109694,2.375008058,2.349030245,2.147903901,1.776114898,1.749007004,2.091299272,1.989292402,2.07558424
3-Hydroxydodecanoic acid,0.976905697,1.498117014,0.006469,0.06799,1.114713217,1.075506868,1.404035898,1.375242016,1.417259753,1.125512503,1.339855919,1.081933977,1.518495502,1.28104903,1.353545168,0.958258201,0.93072416,1.137491546,1.056622952,1.224771319,1.154828649,1.107971208,0.958550543,1.090056303,1.385338966,1.171714293,1.067193141,1.18710508,1.206912683,1.378724326,1.298231804,1.440716498,1.351650773,1.326781192,1.535943972,1.035713325,1.064048995,1.17018228,1.108082433,1.183342669,1.266772834,1.320807783,2.130898534,1.491060548,1.344777426,1.325874161,1.360856885,1.104140966,1.473352863,1.229113812,1.39639183,1.34901264,1.278883188,1.338416974,1.516756805,1.030225249,1.464888121,1.421559451,1.459552007,1.295808875,1.458635622,1.377587772,1.254923509
Nicotine glucuronide,1.354208183,1.373206835,0.01079,0.09012,1.162371134,1.218464225,1.042688421,1.650535532,1.24732709,0.736076833,1.123521857,1.272961067,1.05974756,1.301468915,1.259418138,1.053865468,0.89350645,1.61598331,1.232354779,0.783861638,1.180316352,1.002437839,1.371276139,0.826046511,1.492375093,1.360956834,0.487026474,0.807678851,1.573358787,1.475172434,1.205239537,1.131008887,1.108885947,1.506009754,1.417226847,1.415037195,1.774071543,1.556591059,1.317321397,1.647644697,1.195640948,1.714954768,1.743441766,1.261852472,1.345239597,1.391794209,1.056475225,0.967303069,1.548479888,1.347639215,1.316090826,1.474124192,1.965347942,1.325008078,1.060884763,1.300327903,0.813085038,1.180159892,1.01123049,1.341103817,1.211667111,1.33652953,1.526306048
16-bromo-9E-hexadecenoic acid,1.078901805,1.064147136,0.02322,0.1335,1.057959508,2.436249679,2.571025172,2.934862746,2.723659498,2.127056006,2.433180745,2.636231017,2.490547695,2.641967344,2.619018622,2.544217585,2.210647566,2.937720665,2.534059417,2.267905901,2.3930158,2.255257034,2.68939803,2.257900763,2.774823131,2.63961282,1.946010073,2.32636735,2.850222479,2.723808589,2.53580943,2.478519724,2.436244342,2.786922813,2.718783147,2.71371355,3.090888459,2.836866591,2.649207725,2.892296367,2.604764979,2.994652101,2.769256078,2.626142495,2.614429776,2.732231806,2.331060618,2.334154202,2.777515641,2.710492738,2.53092677,2.741554822,3.324592117,2.603812047,2.49631317,2.66984312,2.207258448,2.493019946,2.437363556,2.748721442,2.472688932,2.640926866,2.807960115
15(R)-15-methyl Prostaglandin A2,1.285698849,1.64440169,0.02759,0.1456,1.163307853,0.241302556,2.056955496,0.788630029,1.797239536,1.73904215,1.732418385,1.640274299,0.060903305,1.701556117,1.856593608,1.737485855,1.420918473,1.723668666,1.055779133,1.431175719,1.728106533,1.318902814,1.950857747,1.84072827,1.014088345,1.570166554,1.434014134,1.107204371,1.75600778,1.318581416,1.390787888,2.033989032,1.792269802,1.115248627,1.920558623,1.066207149,1.714329573,1.887181854,1.929055323,1.850677439,1.864679686,1.766817573,1.391646223,1.371316002,2.113916718,2.157635696,1.252099823,1.428304597,1.813342479,1.514940694,1.678285392,1.948645044,1.274595784,1.871367621,1.907350305,1.643769832,1.426532298,1.662871982,1.879300004,1.864881681,1.222899134,1.536915604,1.652283972
Gibberellin A43,1.441746024,1.802521362,0.03595,0.1667,1.384215735,1.129045359,0.144862004,0.414393285,0.00728306,0.910554692,0.006667493,0.00718058,0.817153284,0.759295384,0.797711188,0.007463833,0.272124905,1.690414424,0.915302103,0.007469768,0.926202213,1.085924571,1.873119354,1.24152582,1.351656989,1.340243997,1.116803375,0.187340515,1.259590291,1.345767617,1.402673364,1.320900391,1.516882884,1.160254646,1.110272151,0.758483058,0.820745135,0.832834899,0.007147436,0.429667642,0.594760667,1.219893252,1.352809143,0.925857409,0.676832642,1.782932975,1.329579871,0.006786196,0.380284947,1.74424113,1.339319851,0.773946389,0.6627564,1.687769144,1.723080713,1.046884749,0.816711102,1.555768106,1.370234867,2.079317026,1.713944654,1.434352046,1.647259147
Glutathione episulfonium ion,1.264201993,1.470515657,0.03425,0.1627,1.087563452,2.105233946,1.929928052,2.226786137,1.974214451,2.576731312,1.73666038,1.736097321,2.310026141,2.282724443,2.46238145,1.983205551,1.969028242,2.949610116,2.236213815,1.887469782,2.397389065,2.62222489,3.232708654,2.678172618,2.711011625,2.72134861,2.632734312,2.070441646,2.679463352,2.639934436,2.72128745,2.643610283,2.770319716,2.443988939,2.464284972,2.47648973,2.591920622,2.529726853,2.060375273,2.391376982,2.196500355,2.593323616,2.486031016,2.267702252,2.271948981,3.002412405,2.964796489,1.868346003,2.107084502,2.977472293,2.613508071,2.268559264,2.217090824,2.959465073,2.971753747,2.48249613,2.273210889,2.933712268,2.6104992,3.304326721,2.951074506,2.669301384,2.909104498
"L,L-Cyclo(leucylprolyl)",2.055051497,2.452845284,0.01298,0.09933,1.32535095,0.632245228,1.880095642,0.66955943,1.832336758,1.644598453,1.37100715,2.31147354,0.618708078,0.621987569,1.031475548,1.088202703,1.163694856,0.698162752,0.611541607,1.748074272,0.656593189,1.635582245,0.661365417,0.65135086,2.239125081,0.628878573,1.627212748,2.18058088,0.650405533,1.746848005,0.896742705,2.252400082,1.625088586,1.608944088,1.760808756,0.610798495,0.644927477,0.640643893,1.334964964,0.663109524,2.093697062,2.044117751,2.460210017,1.271957533,1.676826332,0.928566584,2.151949572,1.188299429,1.82416355,2.075190357,2.507088615,1.448321206,2.049858935,1.651979003,1.370467491,1.68919398,2.151949169,1.941752494,2.524596448,1.541388846,1.563803398,1.445686061,0.628473495
Fumonisin FP3,0.716002871,0.919432916,0.002688,0.04283,0.982190561,3.340156284,3.320934343,3.369971824,3.41554933,3.386342388,3.379190697,3.396283907,3.291948476,3.389580748,3.330238012,3.444117205,3.421598346,3.282346973,3.395605757,3.357612446,3.359242372,3.340787381,3.368134065,3.422185165,3.3522894,3.388917198,3.360077473,3.468298027,3.363663489,3.35584455,3.287254237,3.276279399,3.352614221,3.317633198,3.385653015,3.357132031,3.275958437,3.401489811,3.358295505,3.452786523,3.422284869,3.298184519,3.059905908,3.356964342,3.358339615,3.289934844,3.337256332,3.250401577,3.323197852,3.240837501,3.151347413,3.100411144,3.251865567,3.296428999,3.30167834,3.318465984,3.359516791,3.290447553,3.304347037,3.270449054,3.331404042,3.351026496,3.45943585
"3,8-Dihydroxy-1-methylanthraquinone-2-carboxylic acid",1.100350177,1.669552107,0.04761,0.1924,1.107675906,0.987567845,2.049096632,1.720866216,1.889191852,1.321682779,1.881614194,1.900244815,2.490535175,1.609411649,1.92067017,1.881654136,2.210667282,1.849254224,1.362071539,2.381112092,2.61251588,2.600235128,1.422300322,1.451386999,2.491971379,2.081105439,1.790490682,1.876980309,2.039847116,1.942522153,1.000524781,1.480125025,1.733657647,2.365735085,2.411283246,2.023067465,1.817004088,2.283811704,2.106744414,1.883187658,2.175512796,2.220879014,2.229049103,2.746862239,1.936751281,2.152880715,2.229977317,2.033111144,1.869751426,1.938201003,1.61292769,2.253290859,2.131138079,1.769131883,1.593234166,1.958768499,1.745756281,2.371837682,1.576897494,2.412052194,2.319866083,2.529153856,2.583632389
Prostaglandin E2 ethanolamide,0.839210964,1.083325349,0.04758,0.1924,0.979450295,4.073195351,3.683614759,3.790259514,3.81340064,4.006339284,3.884470867,3.978837958,3.591341816,3.763717398,3.747829248,4.048676184,3.96542127,4.236514839,4.000254933,3.996919818,3.935767779,3.963863345,3.917320231,3.902348502,3.820790833,3.848942004,4.009027758,3.852703482,3.804157112,3.775830378,3.815438094,3.513116793,3.722241492,3.785552489,3.748654008,3.997783021,3.901301929,3.888910734,3.899398488,3.888147607,3.814986288,3.834345234,4.481461389,3.788507583,3.856845638,3.707780612,3.868944035,3.926118893,3.81687668,3.661349175,3.751274711,3.719814044,3.852655769,3.914697746,3.709156616,3.909362256,3.686393584,3.682348029,3.703593374,3.698067547,3.720560898,3.670192729,3.888702907
N6-Acetyl-L-lysine,1.460414667,2.181478921,0.01364,0.1025,1.144624573,2.15990677,1.010857965,1.672410922,2.095834762,2.574094867,0.531034483,1.714984068,2.732899273,2.019247692,2.450189638,1.74746388,2.624499869,2.584088616,2.658848428,2.321737848,3.140154095,3.140702156,2.938784147,2.737295471,2.943373699,2.530515156,2.49765339,2.248320864,2.440984281,2.670602682,2.754870447,2.621912429,2.730979712,2.841948872,2.500043141,2.254504297,2.443506604,3.13523866,2.549399593,2.381846376,2.829856927,2.925623621,3.221733199,3.028177567,2.996929269,2.696644354,2.836260258,2.165903131,1.775746181,2.619535314,2.8247072,1.911568137,1.779867553,2.760366623,2.874544045,2.450088975,2.454271421,3.131012357,2.812154452,3.163040259,3.22307282,2.898629976,3.002886897
Succinylproline,1.670227644,1.434421001,0.002783,0.04375,1.134907251,1.105550814,1.230670946,1.331080847,1.303636238,1.140545508,1.071284906,1.253639623,1.074932025,1.273548722,1.028127146,1.409315224,1.103963269,1.426172708,1.238884659,1.260590786,1.23611957,0.923525701,1.128953964,0.953727128,1.293463158,1.325014452,0.955951066,0.966886331,1.54825633,1.242696966,1.018481421,1.095757104,1.247492974,1.288223352,1.420078868,1.212892297,1.687895661,1.635475961,1.240611548,1.534479098,1.122001699,1.632061656,0.794779663,1.286917534,1.260707956,1.196406486,1.308809424,1.228552269,1.49357199,1.592296683,1.284973848,1.579617003,1.757748136,1.078510191,1.160689068,1.431693443,1.13953115,1.525300909,1.179402141,1.460502556,1.188568258,1.498377188,1.520885933
L-Proline,0.954764587,1.063743896,0.03892,0.1731,1.032071097,2.564327992,2.594839073,2.606465897,2.706968865,2.686360339,2.512075812,2.509291633,2.457116697,2.668539973,2.650187882,2.636311648,2.546397717,2.540259796,2.500632174,2.978975814,2.495556645,2.642767305,2.334101469,2.515228692,2.609721587,2.562171903,2.43075222,2.672680421,2.43604962,2.700754875,2.738756481,2.774139179,2.705225524,2.842642166,2.651599561,2.369653486,2.473790043,2.476635261,2.714522792,2.726846893,2.768681812,2.739873775,2.747578551,2.673751673,2.849203828,2.540155562,2.744895284,2.819809458,2.722784538,2.502106775,2.662995268,2.612344066,2.517726589,2.809689867,2.793166532,2.504211276,2.963229026,3.025763519,2.542849179,2.400046198,2.645098032,2.786383151,2.37571847
Choline,0.602189564,0.75732615,0.04152,0.1786,0.978340675,2.832748246,2.694972647,2.534672275,2.721140484,2.632296606,2.709181336,2.838313456,2.624342598,2.707309344,2.771507654,2.753075384,2.844452444,2.758412649,2.847106687,2.64383032,2.76586911,2.780320235,2.584704957,2.556469271,2.822079502,2.608384086,2.710302349,2.803925851,2.594991357,2.853685941,2.828349696,2.904815172,2.86837215,2.795118588,2.617304454,2.473095404,2.621271646,2.562141352,2.578647822,2.602965944,2.659865869,2.718957342,2.441632405,2.742487447,2.615745525,2.66551435,2.72171468,2.530658314,2.670168075,2.59471937,2.737919845,2.534153581,2.757246925,2.726299553,2.728491089,2.697671004,2.894764443,2.614872715,2.770864481,2.660009969,2.583558553,2.542512081,2.645720782
Threoninyl-Gamma-glutamate,0.408122379,0.551478627,0.04521,0.1871,1.017643352,1.5908255,1.640893363,1.637315484,1.628886509,1.512232062,1.619167041,1.516219855,1.625139394,1.618907859,1.632469292,1.523061234,1.543128501,1.592452001,1.575750054,1.631897029,1.586086537,1.583303446,1.580916609,1.551326991,1.58313586,1.581217789,1.486917758,1.620438962,1.562633595,1.607977102,1.62153293,1.696185635,1.614236606,1.58777556,1.543843977,1.485414822,1.552795241,1.579427726,1.577638758,1.539246108,1.572145069,1.609209857,1.710038014,1.599737271,1.587234479,1.572585607,1.596291405,1.529330263,1.586858021,1.585659455,1.629922664,1.621754397,1.614770685,1.638578362,1.628019468,1.619329999,1.650927433,1.649421185,1.712299032,1.719721915,1.71440672,1.71194637,1.648007038
