meta,clinic,cor_value,p_value
Methyl dihydrojasmonate,BMI,0.01070854042422524,0.9411634117755681
Methyl dihydrojasmonate,WC,0.14098994532433767,0.32875562132213354
Methyl dihydrojasmonate,WHR,0.2161230016548652,0.131696279015173
Methyl dihydrojasmonate,Menstrual.cycles,-0.27100379518099377,0.056960950349500994
Methyl dihydrojasmonate,Acne,0.13997770359239786,0.33227508324130894
Methyl dihydrojasmonate,Hair.loss,0.1470249599327597,0.3082606005571186
Methyl dihydrojasmonate,FG.score,0.4025989412265908,0.003748799543613635
Methyl dihydrojasmonate,BG0,0.10980509574581089,0.4477923634673995
Methyl dihydrojasmonate,BG120,0.1663624290775306,0.24822371650304362
Methyl dihydrojasmonate,INS0,0.452255756571091,0.0009762122527621872
Methyl dihydrojasmonate,INS120,0.3649067205546529,0.009172906997833167
Methyl dihydrojasmonate,CP0,0.4171829246539613,0.002577791381678645
Methyl dihydrojasmonate,CP120,0.344148526622534,0.01439656809122261
Methyl dihydrojasmonate,HOMA.IR,0.3513649788522694,0.012348439448736545
Methyl dihydrojasmonate,AUC.Ins.,0.3998608150485577,0.00401456984283901
Methyl dihydrojasmonate,ALT,0.41725893248264995,0.002572653171505069
Methyl dihydrojasmonate,rGT,0.3232675714570545,0.02202739288756551
Methyl dihydrojasmonate,UA,0.31794280784213147,0.0244444987554567
Methyl dihydrojasmonate,TG,0.1946452169149705,0.1755661063734165
Methyl dihydrojasmonate,HDL,0.08277287476193625,0.5676804205332597
Methyl dihydrojasmonate,FFA,0.047732766717454266,0.7420253422536618
Methyl dihydrojasmonate,IL6,0.20723070436420785,0.1487367359442504
Methyl dihydrojasmonate,IL8,0.20373800425647834,0.155857767143278
Methyl dihydrojasmonate,SOD,0.2964995531885424,0.03654508544142015
Methyl dihydrojasmonate,E2,0.0658343337334934,0.649657483959319
Methyl dihydrojasmonate,T,0.44898547568173186,0.0010734423406623186
Methyl dihydrojasmonate,FSH,-0.10737868301684093,0.4579495075119392
Methyl dihydrojasmonate,LH,0.14502148915318486,0.3149716397551721
Methyl dihydrojasmonate,LH.FSH,0.34223417894356056,0.014986228259239058
Methyl dihydrojasmonate,PRL,0.0961367620147934,0.5066028581128039
Methyl dihydrojasmonate,FT,0.34978110468825463,0.012775161237522785
Methyl dihydrojasmonate,AD,0.3059939639213773,0.03068684637520068
Methyl dihydrojasmonate,DHEAS,0.02173192712352583,0.8809233250386409
Methyl dihydrojasmonate,SHBG,-0.0616676508506965,0.670521526298465
Methyl dihydrojasmonate,VAT.Mass,0.20283823023607944,0.15773217541491735
Methyl dihydrojasmonate,VAT.Volume,0.20283823023607944,0.15773217541491735
"2-[4-(3-Hydroxypropyl)-2-methoxyphenoxy]-1,3-propanediol 1-glucoside",BMI,-0.22963336461275827,0.10866932658093166
"2-[4-(3-Hydroxypropyl)-2-methoxyphenoxy]-1,3-propanediol 1-glucoside",WC,-0.0545891540178758,0.7065292778717325
"2-[4-(3-Hydroxypropyl)-2-methoxyphenoxy]-1,3-propanediol 1-glucoside",WHR,0.16387242734560797,0.2554745334072569
"2-[4-(3-Hydroxypropyl)-2-methoxyphenoxy]-1,3-propanediol 1-glucoside",Menstrual.cycles,-0.2505460943075496,0.07927139894751141
"2-[4-(3-Hydroxypropyl)-2-methoxyphenoxy]-1,3-propanediol 1-glucoside",Acne,0.05959446786607039,0.6809963296761146
"2-[4-(3-Hydroxypropyl)-2-methoxyphenoxy]-1,3-propanediol 1-glucoside",Hair.loss,0.18586174180179055,0.19625538669508605
"2-[4-(3-Hydroxypropyl)-2-methoxyphenoxy]-1,3-propanediol 1-glucoside",FG.score,0.20951577553628703,0.1442098540353934
"2-[4-(3-Hydroxypropyl)-2-methoxyphenoxy]-1,3-propanediol 1-glucoside",BG0,0.1593571758277659,0.26898330902688095
"2-[4-(3-Hydroxypropyl)-2-methoxyphenoxy]-1,3-propanediol 1-glucoside",BG120,0.1801499015422292,0.21060446785763656
"2-[4-(3-Hydroxypropyl)-2-methoxyphenoxy]-1,3-propanediol 1-glucoside",INS0,0.31626209521949517,0.025252161723250368
"2-[4-(3-Hydroxypropyl)-2-methoxyphenoxy]-1,3-propanediol 1-glucoside",INS120,0.41667266933184927,0.0026125209939728165
"2-[4-(3-Hydroxypropyl)-2-methoxyphenoxy]-1,3-propanediol 1-glucoside",CP0,0.2904480635785838,0.04073921605599164
"2-[4-(3-Hydroxypropyl)-2-methoxyphenoxy]-1,3-propanediol 1-glucoside",CP120,0.37224718511160343,0.007767210896101816
"2-[4-(3-Hydroxypropyl)-2-methoxyphenoxy]-1,3-propanediol 1-glucoside",HOMA.IR,0.27400417785035525,0.05416351079083202
"2-[4-(3-Hydroxypropyl)-2-methoxyphenoxy]-1,3-propanediol 1-glucoside",AUC.Ins.,0.4449495511653454,0.0012053371923070068
"2-[4-(3-Hydroxypropyl)-2-methoxyphenoxy]-1,3-propanediol 1-glucoside",ALT,0.46359969319685845,0.0006971178137851137
"2-[4-(3-Hydroxypropyl)-2-methoxyphenoxy]-1,3-propanediol 1-glucoside",rGT,0.2806473577108895,0.04836390371746489
"2-[4-(3-Hydroxypropyl)-2-methoxyphenoxy]-1,3-propanediol 1-glucoside",UA,0.28764196027403216,0.04281393089691265
"2-[4-(3-Hydroxypropyl)-2-methoxyphenoxy]-1,3-propanediol 1-glucoside",TG,0.3251770944315976,0.021211135710974695
"2-[4-(3-Hydroxypropyl)-2-methoxyphenoxy]-1,3-propanediol 1-glucoside",HDL,-0.2302075541840966,0.10776391786075948
"2-[4-(3-Hydroxypropyl)-2-methoxyphenoxy]-1,3-propanediol 1-glucoside",FFA,0.06939383744549821,0.632041379899641
"2-[4-(3-Hydroxypropyl)-2-methoxyphenoxy]-1,3-propanediol 1-glucoside",IL6,0.4405158504835087,0.0013667731220215434
"2-[4-(3-Hydroxypropyl)-2-methoxyphenoxy]-1,3-propanediol 1-glucoside",IL8,0.39698284860916067,0.004311627325646146
"2-[4-(3-Hydroxypropyl)-2-methoxyphenoxy]-1,3-propanediol 1-glucoside",SOD,0.29901895958851166,0.034907289509665713
"2-[4-(3-Hydroxypropyl)-2-methoxyphenoxy]-1,3-propanediol 1-glucoside",E2,-0.015894357743097238,0.9127628822867415
"2-[4-(3-Hydroxypropyl)-2-methoxyphenoxy]-1,3-propanediol 1-glucoside",T,0.5346140031328526,6.3525499271423e-05
"2-[4-(3-Hydroxypropyl)-2-methoxyphenoxy]-1,3-propanediol 1-glucoside",FSH,0.0723701589026741,0.6174646436259221
"2-[4-(3-Hydroxypropyl)-2-methoxyphenoxy]-1,3-propanediol 1-glucoside",LH,0.3603928066538584,0.010142295488602097
"2-[4-(3-Hydroxypropyl)-2-methoxyphenoxy]-1,3-propanediol 1-glucoside",LH.FSH,0.366967634199796,0.00875763587928149
"2-[4-(3-Hydroxypropyl)-2-methoxyphenoxy]-1,3-propanediol 1-glucoside",PRL,-0.09911402437489189,0.49346710536716154
"2-[4-(3-Hydroxypropyl)-2-methoxyphenoxy]-1,3-propanediol 1-glucoside",FT,0.45179250126654763,0.0009894871996773643
"2-[4-(3-Hydroxypropyl)-2-methoxyphenoxy]-1,3-propanediol 1-glucoside",AD,0.2052250883925928,0.15279583465971658
"2-[4-(3-Hydroxypropyl)-2-methoxyphenoxy]-1,3-propanediol 1-glucoside",DHEAS,0.08417683164302411,0.5611067851599167
"2-[4-(3-Hydroxypropyl)-2-methoxyphenoxy]-1,3-propanediol 1-glucoside",SHBG,-0.03716620663434552,0.7977607547369079
"2-[4-(3-Hydroxypropyl)-2-methoxyphenoxy]-1,3-propanediol 1-glucoside",VAT.Mass,0.03534558910669227,0.8074742655760305
"2-[4-(3-Hydroxypropyl)-2-methoxyphenoxy]-1,3-propanediol 1-glucoside",VAT.Volume,0.03534558910669227,0.8074742655760305
"3,4,5-trihydroxy-6-[1-(4-methoxyphenyl)-3-phenylpropoxy]oxane-2-carboxylic acid",BMI,-0.042257917369139954,0.7707599134175582
"3,4,5-trihydroxy-6-[1-(4-methoxyphenyl)-3-phenylpropoxy]oxane-2-carboxylic acid",WC,-0.07015859583283333,0.6282823875664415
"3,4,5-trihydroxy-6-[1-(4-methoxyphenyl)-3-phenylpropoxy]oxane-2-carboxylic acid",WHR,0.12374629569374741,0.39189581449285116
"3,4,5-trihydroxy-6-[1-(4-methoxyphenyl)-3-phenylpropoxy]oxane-2-carboxylic acid",Menstrual.cycles,-0.3849060537257758,0.0057787883196319945
"3,4,5-trihydroxy-6-[1-(4-methoxyphenyl)-3-phenylpropoxy]oxane-2-carboxylic acid",Acne,0.1455213750217998,0.3132885292344982
"3,4,5-trihydroxy-6-[1-(4-methoxyphenyl)-3-phenylpropoxy]oxane-2-carboxylic acid",Hair.loss,0.12760656899824427,0.3771765641209509
"3,4,5-trihydroxy-6-[1-(4-methoxyphenyl)-3-phenylpropoxy]oxane-2-carboxylic acid",FG.score,0.06046233799213266,0.6766040047398815
"3,4,5-trihydroxy-6-[1-(4-methoxyphenyl)-3-phenylpropoxy]oxane-2-carboxylic acid",BG0,0.23855373961633805,0.09524667659643989
"3,4,5-trihydroxy-6-[1-(4-methoxyphenyl)-3-phenylpropoxy]oxane-2-carboxylic acid",BG120,-0.048520373482040406,0.7379190924363166
"3,4,5-trihydroxy-6-[1-(4-methoxyphenyl)-3-phenylpropoxy]oxane-2-carboxylic acid",INS0,0.3785445029783299,0.006714176296919859
"3,4,5-trihydroxy-6-[1-(4-methoxyphenyl)-3-phenylpropoxy]oxane-2-carboxylic acid",INS120,0.3549184855401289,0.011435325452558898
"3,4,5-trihydroxy-6-[1-(4-methoxyphenyl)-3-phenylpropoxy]oxane-2-carboxylic acid",CP0,0.5008404191569197,0.00021190847573017692
"3,4,5-trihydroxy-6-[1-(4-methoxyphenyl)-3-phenylpropoxy]oxane-2-carboxylic acid",CP120,0.4699440592428294,0.0005745127356224483
"3,4,5-trihydroxy-6-[1-(4-methoxyphenyl)-3-phenylpropoxy]oxane-2-carboxylic acid",HOMA.IR,0.25431582998518776,0.07471153039133961
"3,4,5-trihydroxy-6-[1-(4-methoxyphenyl)-3-phenylpropoxy]oxane-2-carboxylic acid",AUC.Ins.,0.38914379211715844,0.005220736390825413
"3,4,5-trihydroxy-6-[1-(4-methoxyphenyl)-3-phenylpropoxy]oxane-2-carboxylic acid",ALT,0.5021609686927231,0.0002026305153187702
"3,4,5-trihydroxy-6-[1-(4-methoxyphenyl)-3-phenylpropoxy]oxane-2-carboxylic acid",rGT,0.3082733559875327,0.029403237663573046
"3,4,5-trihydroxy-6-[1-(4-methoxyphenyl)-3-phenylpropoxy]oxane-2-carboxylic acid",UA,0.3455064948533659,0.013990397405681297
"3,4,5-trihydroxy-6-[1-(4-methoxyphenyl)-3-phenylpropoxy]oxane-2-carboxylic acid",TG,0.39308440672317624,0.004744702081294723
"3,4,5-trihydroxy-6-[1-(4-methoxyphenyl)-3-phenylpropoxy]oxane-2-carboxylic acid",HDL,-0.14022868336047123,0.33140026252324073
"3,4,5-trihydroxy-6-[1-(4-methoxyphenyl)-3-phenylpropoxy]oxane-2-carboxylic acid",FFA,0.19945827570845878,0.16492107971173012
"3,4,5-trihydroxy-6-[1-(4-methoxyphenyl)-3-phenylpropoxy]oxane-2-carboxylic acid",IL6,0.01490976724713414,0.9181478596348737
"3,4,5-trihydroxy-6-[1-(4-methoxyphenyl)-3-phenylpropoxy]oxane-2-carboxylic acid",IL8,0.272771950991978,0.05529864969020728
"3,4,5-trihydroxy-6-[1-(4-methoxyphenyl)-3-phenylpropoxy]oxane-2-carboxylic acid",SOD,0.2704162869300368,0.05752211155062563
"3,4,5-trihydroxy-6-[1-(4-methoxyphenyl)-3-phenylpropoxy]oxane-2-carboxylic acid",E2,0.13565426170468187,0.34757123273775026
"3,4,5-trihydroxy-6-[1-(4-methoxyphenyl)-3-phenylpropoxy]oxane-2-carboxylic acid",T,0.2573658320866832,0.07117623005452671
"3,4,5-trihydroxy-6-[1-(4-methoxyphenyl)-3-phenylpropoxy]oxane-2-carboxylic acid",FSH,-0.13398324043693477,0.3535975677180331
"3,4,5-trihydroxy-6-[1-(4-methoxyphenyl)-3-phenylpropoxy]oxane-2-carboxylic acid",LH,0.30934716328636314,0.0288142170373889
"3,4,5-trihydroxy-6-[1-(4-methoxyphenyl)-3-phenylpropoxy]oxane-2-carboxylic acid",LH.FSH,0.19412160416641477,0.1767534297940771
"3,4,5-trihydroxy-6-[1-(4-methoxyphenyl)-3-phenylpropoxy]oxane-2-carboxylic acid",PRL,-0.03294196740367046,0.8203421977143968
"3,4,5-trihydroxy-6-[1-(4-methoxyphenyl)-3-phenylpropoxy]oxane-2-carboxylic acid",FT,0.22286164221530935,0.11979171059250124
"3,4,5-trihydroxy-6-[1-(4-methoxyphenyl)-3-phenylpropoxy]oxane-2-carboxylic acid",AD,0.14903447019767802,0.30162204883011823
"3,4,5-trihydroxy-6-[1-(4-methoxyphenyl)-3-phenylpropoxy]oxane-2-carboxylic acid",DHEAS,0.17462566250650885,0.22516644241407788
"3,4,5-trihydroxy-6-[1-(4-methoxyphenyl)-3-phenylpropoxy]oxane-2-carboxylic acid",SHBG,-0.05246134278530815,0.7174832153800652
"3,4,5-trihydroxy-6-[1-(4-methoxyphenyl)-3-phenylpropoxy]oxane-2-carboxylic acid",VAT.Mass,0.09317503448508345,0.5198444260509918
"3,4,5-trihydroxy-6-[1-(4-methoxyphenyl)-3-phenylpropoxy]oxane-2-carboxylic acid",VAT.Volume,0.09317503448508345,0.5198444260509918
"9-deoxy-9-methylene-16,16-dimethyl -PGE2",BMI,0.26680112375334275,0.06107381823785994
"9-deoxy-9-methylene-16,16-dimethyl -PGE2",WC,0.29360891817713125,0.03850176958535131
"9-deoxy-9-methylene-16,16-dimethyl -PGE2",WHR,0.312541188501782,0.027120035087313244
"9-deoxy-9-methylene-16,16-dimethyl -PGE2",Menstrual.cycles,-0.20831867849039273,0.14656845711007185
"9-deoxy-9-methylene-16,16-dimethyl -PGE2",Acne,-0.05405079643666849,0.7092952797898777
"9-deoxy-9-methylene-16,16-dimethyl -PGE2",Hair.loss,0.11096223391151677,0.4429925175751458
"9-deoxy-9-methylene-16,16-dimethyl -PGE2",FG.score,0.19980120324498513,0.16418099885251178
"9-deoxy-9-methylene-16,16-dimethyl -PGE2",BG0,0.1518375994729167,0.2925168586494946
"9-deoxy-9-methylene-16,16-dimethyl -PGE2",BG120,0.22300155812240743,0.11955349040334036
"9-deoxy-9-methylene-16,16-dimethyl -PGE2",INS0,0.2844245961107,0.04529832550982638
"9-deoxy-9-methylene-16,16-dimethyl -PGE2",INS120,0.1391149847936346,0.33529319995257856
"9-deoxy-9-methylene-16,16-dimethyl -PGE2",CP0,0.3097536392331127,0.028593832616429195
"9-deoxy-9-methylene-16,16-dimethyl -PGE2",CP120,0.30692380811137365,0.030157701059266812
"9-deoxy-9-methylene-16,16-dimethyl -PGE2",HOMA.IR,0.3358544023633691,0.01710231135552024
"9-deoxy-9-methylene-16,16-dimethyl -PGE2",AUC.Ins.,0.1395626724985368,0.3337248913047349
"9-deoxy-9-methylene-16,16-dimethyl -PGE2",ALT,0.32875528274556587,0.0197501767590025
"9-deoxy-9-methylene-16,16-dimethyl -PGE2",rGT,0.11961623337583181,0.40801146010664924
"9-deoxy-9-methylene-16,16-dimethyl -PGE2",UA,0.3563110759988846,0.011093648928694968
"9-deoxy-9-methylene-16,16-dimethyl -PGE2",TG,0.4317925352288427,0.0017417660780682208
"9-deoxy-9-methylene-16,16-dimethyl -PGE2",HDL,-0.36870679848976246,0.008419949555562196
"9-deoxy-9-methylene-16,16-dimethyl -PGE2",FFA,0.0790972130205043,0.5850576237512854
"9-deoxy-9-methylene-16,16-dimethyl -PGE2",IL6,0.13955943753209735,0.3337362073532386
"9-deoxy-9-methylene-16,16-dimethyl -PGE2",IL8,0.07229736967208694,0.6178194290931616
"9-deoxy-9-methylene-16,16-dimethyl -PGE2",SOD,0.21503874625620206,0.13369185564407815
"9-deoxy-9-methylene-16,16-dimethyl -PGE2",E2,0.02040816326530612,0.8881289642599212
"9-deoxy-9-methylene-16,16-dimethyl -PGE2",T,0.47405451176108404,0.0005058269075292155
"9-deoxy-9-methylene-16,16-dimethyl -PGE2",FSH,0.031935073437477285,0.8257468222642858
"9-deoxy-9-methylene-16,16-dimethyl -PGE2",LH,0.1548656630857686,0.28288400443777567
"9-deoxy-9-methylene-16,16-dimethyl -PGE2",LH.FSH,0.2557871508635144,0.07298914771109954
"9-deoxy-9-methylene-16,16-dimethyl -PGE2",PRL,0.09479219191668442,0.512592925976679
"9-deoxy-9-methylene-16,16-dimethyl -PGE2",FT,0.25680070276182376,0.07182105764192391
"9-deoxy-9-methylene-16,16-dimethyl -PGE2",AD,0.16879199412713383,0.24128452412975265
"9-deoxy-9-methylene-16,16-dimethyl -PGE2",DHEAS,-0.06244490451949827,0.6666102327114101
"9-deoxy-9-methylene-16,16-dimethyl -PGE2",SHBG,-0.2692236226317532,0.05867497726705123
"9-deoxy-9-methylene-16,16-dimethyl -PGE2",VAT.Mass,0.23305846716040593,0.10335386319252622
"9-deoxy-9-methylene-16,16-dimethyl -PGE2",VAT.Volume,0.23305846716040593,0.10335386319252622
PE(15:0/22:1(13Z)),BMI,0.059305145398736187,0.6824629420519475
PE(15:0/22:1(13Z)),WC,0.21066800282954887,0.14196637777240037
PE(15:0/22:1(13Z)),WHR,0.1964929516381277,0.17142229859283428
PE(15:0/22:1(13Z)),Menstrual.cycles,-0.2512263978995406,0.07843269055167724
PE(15:0/22:1(13Z)),Acne,-0.029104275004359956,0.8409835972333839
PE(15:0/22:1(13Z)),Hair.loss,0.09709195467257715,0.5023692272694099
PE(15:0/22:1(13Z)),FG.score,0.15973463394404352,0.26783617967145473
PE(15:0/22:1(13Z)),BG0,0.06844742579414023,0.6367060198456482
PE(15:0/22:1(13Z)),BG120,0.17371254506045353,0.22763888738697294
PE(15:0/22:1(13Z)),INS0,0.42310739765851385,0.002203470331835808
PE(15:0/22:1(13Z)),INS120,0.18771158976814556,0.19176057910253222
PE(15:0/22:1(13Z)),CP0,0.3214714513219312,0.022819163133248135
PE(15:0/22:1(13Z)),CP120,0.1006268197172657,0.4868609499999137
PE(15:0/22:1(13Z)),HOMA.IR,0.32701865600436714,0.02044824236059985
PE(15:0/22:1(13Z)),AUC.Ins.,0.11359078809721794,0.43219573756667773
PE(15:0/22:1(13Z)),ALT,0.28106991964794,0.04801279184534667
PE(15:0/22:1(13Z)),rGT,0.26300143211010174,0.06499421586817436
PE(15:0/22:1(13Z)),UA,0.2995510097144262,0.03456929728954713
PE(15:0/22:1(13Z)),TG,0.20991715843457587,0.14342536300955272
PE(15:0/22:1(13Z)),HDL,0.059473487495807935,0.6816094528773196
PE(15:0/22:1(13Z)),FFA,0.08605619954399352,0.5523634244270741
PE(15:0/22:1(13Z)),IL6,-0.055472366357182584,0.7019995958727212
PE(15:0/22:1(13Z)),IL8,-0.10016198089987044,0.4888858947646546
PE(15:0/22:1(13Z)),SOD,0.2045659196524082,0.1541475601003724
PE(15:0/22:1(13Z)),E2,-0.011092436974789914,0.9390580533725903
PE(15:0/22:1(13Z)),T,0.24223796548707402,0.09009366566153651
PE(15:0/22:1(13Z)),FSH,-0.1287487697531979,0.3728854776417446
PE(15:0/22:1(13Z)),LH,0.2010132296672953,0.16158470579211076
PE(15:0/22:1(13Z)),LH.FSH,0.2621746257160956,0.06587335309698077
PE(15:0/22:1(13Z)),PRL,0.12197171604274487,0.3987739406220491
PE(15:0/22:1(13Z)),FT,0.16333476348851866,0.2570587175389078
PE(15:0/22:1(13Z)),AD,0.23235728699209623,0.10442540747964028
PE(15:0/22:1(13Z)),DHEAS,0.15168334956850815,0.2930131987291186
PE(15:0/22:1(13Z)),SHBG,-0.16420351581176768,0.25450228322619173
PE(15:0/22:1(13Z)),VAT.Mass,0.3550515195765271,0.011402299095322886
PE(15:0/22:1(13Z)),VAT.Volume,0.3550515195765271,0.011402299095322886
11beta-Hydroxytestosterone,BMI,-0.3129006699742226,0.02693468064255531
11beta-Hydroxytestosterone,WC,-0.16343108522429192,0.25677442882756757
11beta-Hydroxytestosterone,WHR,0.10262474677867932,0.4782077200858512
11beta-Hydroxytestosterone,Menstrual.cycles,-0.36945344356483695,0.008278472167121959
11beta-Hydroxytestosterone,Acne,0.2480792964657349,0.08237194342757449
11beta-Hydroxytestosterone,Hair.loss,0.22192446782303354,0.1213966306414966
11beta-Hydroxytestosterone,FG.score,0.14615356521839262,0.31116817723162266
11beta-Hydroxytestosterone,BG0,0.06719416306833204,0.6429045542742802
11beta-Hydroxytestosterone,BG120,0.20066297033117103,0.16233189567126036
11beta-Hydroxytestosterone,INS0,0.22641600044942603,0.11385080513007446
11beta-Hydroxytestosterone,INS120,0.473768878140835,0.0005103486084220788
11beta-Hydroxytestosterone,CP0,0.10200259375676457,0.4808935681940152
11beta-Hydroxytestosterone,CP120,0.39366941021609053,0.004677377554277636
11beta-Hydroxytestosterone,HOMA.IR,0.1297029941068716,0.3693231413416075
11beta-Hydroxytestosterone,AUC.Ins.,0.4228396570095759,0.0022192843662376858
11beta-Hydroxytestosterone,ALT,0.22968689999591607,0.10858466398881741
11beta-Hydroxytestosterone,rGT,0.12072513033981574,0.4036474048496348
11beta-Hydroxytestosterone,UA,0.27174722089995795,0.05625719345586437
11beta-Hydroxytestosterone,TG,0.20060031360814992,0.16246582372208784
11beta-Hydroxytestosterone,HDL,-0.105784022185597,0.46469243436499197
11beta-Hydroxytestosterone,FFA,-0.015437188414782437,0.9152627906923101
11beta-Hydroxytestosterone,IL6,0.41832690394063565,0.0025014097644685254
11beta-Hydroxytestosterone,IL8,0.28783390300699613,0.04266931411874163
11beta-Hydroxytestosterone,SOD,0.321594816937256,0.022764025621052293
11beta-Hydroxytestosterone,E2,-0.3271548619447779,0.020392749388143505
11beta-Hydroxytestosterone,T,0.4953775999205331,0.0002545347108513777
11beta-Hydroxytestosterone,FSH,0.1382572577842062,0.3383107450072209
11beta-Hydroxytestosterone,LH,0.2820235780783625,0.0472280039557462
11beta-Hydroxytestosterone,LH.FSH,0.24330035791861887,0.08864883448877428
11beta-Hydroxytestosterone,PRL,-0.17373766481994132,0.2275706211041926
11beta-Hydroxytestosterone,FT,0.4254763770659599,0.0020678450781408775
11beta-Hydroxytestosterone,AD,0.3008206846752245,0.03377364378738084
11beta-Hydroxytestosterone,DHEAS,0.012213893218791733,0.932910197808656
11beta-Hydroxytestosterone,SHBG,-0.010618916181241578,0.9416549852590727
11beta-Hydroxytestosterone,VAT.Mass,-0.12595794750059283,0.3834219299407673
11beta-Hydroxytestosterone,VAT.Volume,-0.12595794750059283,0.3834219299407673
3-Methyl-1-phenyl-1-butanone,BMI,-0.08701289349191091,0.5479376248757446
3-Methyl-1-phenyl-1-butanone,WC,0.03983662735987591,0.783568379255239
3-Methyl-1-phenyl-1-butanone,WHR,0.1988985950225318,0.16613415996234113
3-Methyl-1-phenyl-1-butanone,Menstrual.cycles,-0.16924981506462278,0.23999187921453932
3-Methyl-1-phenyl-1-butanone,Acne,-0.09840016787188367,0.4966004722346681
3-Methyl-1-phenyl-1-butanone,Hair.loss,0.3023720874088832,0.032822085002657174
3-Methyl-1-phenyl-1-butanone,FG.score,0.1948230890857608,0.17516408441672618
3-Methyl-1-phenyl-1-butanone,BG0,0.09076514279603243,0.5307448654668354
3-Methyl-1-phenyl-1-butanone,BG120,0.18423329931051974,0.20027364435105507
3-Methyl-1-phenyl-1-butanone,INS0,0.3036807607300467,0.03203678629126198
3-Methyl-1-phenyl-1-butanone,INS120,0.29009099866701643,0.04099854197905002
3-Methyl-1-phenyl-1-butanone,CP0,0.26206598593722413,0.06598957098830806
3-Methyl-1-phenyl-1-butanone,CP120,0.28655828469365496,0.04363795777110636
3-Methyl-1-phenyl-1-butanone,HOMA.IR,0.26713726627787,0.06073633433292659
3-Methyl-1-phenyl-1-butanone,AUC.Ins.,0.27473233109276135,0.05350162822463544
3-Methyl-1-phenyl-1-butanone,ALT,0.15976757605820882,0.2677362203047105
3-Methyl-1-phenyl-1-butanone,rGT,0.41950054276626864,0.002425137440564352
3-Methyl-1-phenyl-1-butanone,UA,0.27549280903040446,0.05281736047208845
3-Methyl-1-phenyl-1-butanone,TG,0.2533797593001195,0.07582395557044826
3-Methyl-1-phenyl-1-butanone,HDL,-0.20661992707550075,0.14996433124214534
3-Methyl-1-phenyl-1-butanone,FFA,-0.014408042520463607,0.9208933349143265
3-Methyl-1-phenyl-1-butanone,IL6,-0.07093434720606243,0.6244788757873393
3-Methyl-1-phenyl-1-butanone,IL8,-0.03278484888602276,0.8211850131993016
3-Methyl-1-phenyl-1-butanone,SOD,0.27229349169864137,0.05574455240357578
3-Methyl-1-phenyl-1-butanone,E2,-0.11750300120048018,0.4164030168904448
3-Methyl-1-phenyl-1-butanone,T,0.3047184557921263,0.031425234873374536
3-Methyl-1-phenyl-1-butanone,FSH,-0.18080534058962705,0.2089215666359547
3-Methyl-1-phenyl-1-butanone,LH,-0.06910129897067319,0.6334817304336069
3-Methyl-1-phenyl-1-butanone,LH.FSH,-0.005571030698491865,0.9693711200740073
3-Methyl-1-phenyl-1-butanone,PRL,0.16053206564208508,0.26542343050017925
3-Methyl-1-phenyl-1-butanone,FT,0.22528932894968093,0.11570912894002382
3-Methyl-1-phenyl-1-butanone,AD,0.33125497641057017,0.018780824813765615
3-Methyl-1-phenyl-1-butanone,DHEAS,0.42578071901004155,0.0020509700772707857
3-Methyl-1-phenyl-1-butanone,SHBG,-0.02503726108788152,0.8629742690422892
3-Methyl-1-phenyl-1-butanone,VAT.Mass,0.09032224411942702,0.5327603343111817
3-Methyl-1-phenyl-1-butanone,VAT.Volume,0.09032224411942702,0.5327603343111817
Triphenylphosphine oxide,BMI,-0.026699320519592975,0.8539739728932699
Triphenylphosphine oxide,WC,0.07318598729685287,0.6134941028774191
Triphenylphosphine oxide,WHR,0.15651115858933137,0.27773768773617263
Triphenylphosphine oxide,Menstrual.cycles,-0.2246459646981772,0.11678059562838013
Triphenylphosphine oxide,Acne,-0.04296345357786469,0.7670388676399362
Triphenylphosphine oxide,Hair.loss,0.15534712747612348,0.2813717831819988
Triphenylphosphine oxide,FG.score,0.24097939027080212,0.09182897400887015
Triphenylphosphine oxide,BG0,0.012388020020488761,0.9319559680850424
Triphenylphosphine oxide,BG120,0.16669870889374275,0.24725527561483304
Triphenylphosphine oxide,INS0,0.3464188817056541,0.013723035588628826
Triphenylphosphine oxide,INS120,0.1489111383655716,0.30202680865604525
Triphenylphosphine oxide,CP0,0.3057196383500768,0.030844423030248407
Triphenylphosphine oxide,CP120,0.09322990790988674,0.5195975309857204
Triphenylphosphine oxide,HOMA.IR,0.27510864614523045,0.053162134543727285
Triphenylphosphine oxide,AUC.Ins.,0.12334231346722985,0.39345545684546135
Triphenylphosphine oxide,ALT,0.24414137561765364,0.0875179427519763
Triphenylphosphine oxide,rGT,0.16522564763360564,0.25151650535212217
Triphenylphosphine oxide,UA,0.18823981373525983,0.1904906527178616
Triphenylphosphine oxide,TG,0.11257053749042457,0.4363687809277368
Triphenylphosphine oxide,HDL,0.007398155956667547,0.9593331844861624
Triphenylphosphine oxide,FFA,0.035873085459113475,0.8046568942839284
Triphenylphosphine oxide,IL6,0.21089539463033846,0.14152671202069328
Triphenylphosphine oxide,IL8,-5.020650671672704e-05,0.9997239047787118
Triphenylphosphine oxide,SOD,0.14508816856293716,0.3147467989126656
Triphenylphosphine oxide,E2,0.004561824729891957,0.9749176512032458
Triphenylphosphine oxide,T,0.34938168099097217,0.012884746055565888
Triphenylphosphine oxide,FSH,-0.17336182723201954,0.2285934859168991
Triphenylphosphine oxide,LH,0.022233426979445227,0.8781959718723684
Triphenylphosphine oxide,LH.FSH,0.27139564204463384,0.0565891335865523
Triphenylphosphine oxide,PRL,0.07390333503534817,0.6100118988751956
Triphenylphosphine oxide,FT,0.20538229772783412,0.15247474676570538
Triphenylphosphine oxide,AD,0.23081631019536986,0.10681033118303526
Triphenylphosphine oxide,DHEAS,0.04005276695171343,0.7824226484751322
Triphenylphosphine oxide,SHBG,-0.004530088095667279,0.9750920941167804
Triphenylphosphine oxide,VAT.Mass,0.14447690868782012,0.31681177273766276
Triphenylphosphine oxide,VAT.Volume,0.14447690868782012,0.31681177273766276
"PC(18:0/18:2(9Z,12Z))",BMI,-0.039616797533568705,0.7847341378372641
"PC(18:0/18:2(9Z,12Z))",WC,0.02921673031942649,0.8403771661493598
"PC(18:0/18:2(9Z,12Z))",WHR,0.25432461859920247,0.07470114752092114
"PC(18:0/18:2(9Z,12Z))",Menstrual.cycles,-0.29792438017835265,0.035611231245158956
"PC(18:0/18:2(9Z,12Z))",Acne,-0.2508511321804358,0.07889446563100178
"PC(18:0/18:2(9Z,12Z))",Hair.loss,0.16644335086727513,0.24799043812725347
"PC(18:0/18:2(9Z,12Z))",FG.score,0.24257432004997107,0.08963425910611751
"PC(18:0/18:2(9Z,12Z))",BG0,0.07548497802367861,0.6023643863040726
"PC(18:0/18:2(9Z,12Z))",BG120,0.17121446642573462,0.23449844503600067
"PC(18:0/18:2(9Z,12Z))",INS0,0.1755624385245178,0.22264930219418025
"PC(18:0/18:2(9Z,12Z))",INS120,0.12081922738722288,0.4032783367977004
"PC(18:0/18:2(9Z,12Z))",CP0,0.14762522279109896,0.3062678645027013
"PC(18:0/18:2(9Z,12Z))",CP120,0.05057758528032496,0.7272280230762447
"PC(18:0/18:2(9Z,12Z))",HOMA.IR,0.16903166947655981,0.24060721657192075
"PC(18:0/18:2(9Z,12Z))",AUC.Ins.,0.026696007572359338,0.8539918950892912
"PC(18:0/18:2(9Z,12Z))",ALT,0.2756915101142702,0.05263974375494112
"PC(18:0/18:2(9Z,12Z))",rGT,0.15457059419706437,0.28381341096042445
"PC(18:0/18:2(9Z,12Z))",UA,0.2103291796327648,0.1426233812656572
"PC(18:0/18:2(9Z,12Z))",TG,0.19435706707497793,0.17621878860531734
"PC(18:0/18:2(9Z,12Z))",HDL,-0.0874807921889065,0.5457792589028837
"PC(18:0/18:2(9Z,12Z))",FFA,-0.14937317551827578,0.3005122595517009
"PC(18:0/18:2(9Z,12Z))",IL6,0.05005063281277016,0.7299617264859435
"PC(18:0/18:2(9Z,12Z))",IL8,-0.09383596105356284,0.5168745848872045
"PC(18:0/18:2(9Z,12Z))",SOD,0.09954125286153163,0.49159676514431405
"PC(18:0/18:2(9Z,12Z))",E2,-0.0426890756302521,0.7684853425982029
"PC(18:0/18:2(9Z,12Z))",T,0.35951495036404374,0.010340741220210607
"PC(18:0/18:2(9Z,12Z))",FSH,-0.15761039251398565,0.2743344277543132
"PC(18:0/18:2(9Z,12Z))",LH,0.0998823501452399,0.49010614397029706
"PC(18:0/18:2(9Z,12Z))",LH.FSH,0.32235136248514995,0.022428337713930314
"PC(18:0/18:2(9Z,12Z))",PRL,0.06794881031515118,0.6391692131472986
"PC(18:0/18:2(9Z,12Z))",FT,0.1979050225859697,0.1683036634676907
"PC(18:0/18:2(9Z,12Z))",AD,0.03786400129099057,0.7940457598479069
"PC(18:0/18:2(9Z,12Z))",DHEAS,0.02321740062310861,0.8728488314144762
"PC(18:0/18:2(9Z,12Z))",SHBG,0.030785114800663652,0.8319291455441513
"PC(18:0/18:2(9Z,12Z))",VAT.Mass,0.03491041769498197,0.8098003505577729
"PC(18:0/18:2(9Z,12Z))",VAT.Volume,0.03491041769498197,0.8098003505577729
Succinylproline,BMI,-0.016230881898601484,0.9109232224385183
Succinylproline,WC,0.09899089549016211,0.49400682863449574
Succinylproline,WHR,0.127017970696537,0.37939930688990775
Succinylproline,Menstrual.cycles,0.003936042210805181,0.9783575182843944
Succinylproline,Acne,0.10671567501598651,0.460746519160826
Succinylproline,Hair.loss,0.11373628975930468,0.43160243392156483
Succinylproline,FG.score,0.030303665804210372,0.8345204922364505
Succinylproline,BG0,0.017111856448535058,0.9061094560919837
Succinylproline,BG120,-0.24197734775152224,0.09045088783634216
Succinylproline,INS0,0.029100338551930467,0.8410048267635191
Succinylproline,INS120,0.12893466833652362,0.3721898645587992
Succinylproline,CP0,0.04134850905111783,0.7755637302791214
Succinylproline,CP120,0.17411561884252416,0.22654518611852986
Succinylproline,HOMA.IR,0.036303392648942966,0.8023604290060107
Succinylproline,AUC.Ins.,0.27666332621553597,0.0517779993964815
Succinylproline,ALT,0.09378601624336694,0.5170987117704273
Succinylproline,rGT,0.06581062416687239,0.6497754755727186
Succinylproline,UA,0.2557084204439435,0.07308050859013489
Succinylproline,TG,0.13154040195660108,0.36252164643941154
Succinylproline,HDL,-0.08637587279278083,0.5508826830715405
Succinylproline,FFA,0.02254319578031721,0.8765120245681337
Succinylproline,IL6,0.274550562540662,0.05366623794871581
Succinylproline,IL8,0.1483602273479284,0.30383910219763455
Succinylproline,SOD,0.18638667347223767,0.1949723687745286
Succinylproline,E2,0.11327731092436974,0.4334755382428145
Succinylproline,T,0.14263417079631444,0.3230889006488816
Succinylproline,FSH,-0.23055682341853903,0.10721600974793478
Succinylproline,LH,-0.08941391152424842,0.5369055179575499
Succinylproline,LH.FSH,0.13673038274660637,0.3437240325672032
Succinylproline,PRL,0.07015774690490169,0.628286555126679
Succinylproline,FT,0.1338140927985605,0.35421112161459634
Succinylproline,AD,0.18111980850094472,0.2081174990537338
Succinylproline,DHEAS,0.029874522602720322,0.8368317773121274
Succinylproline,SHBG,0.00019484249873837756,0.9989285239761578
Succinylproline,VAT.Mass,0.05633052162694459,0.697608218780335
Succinylproline,VAT.Volume,0.05633052162694459,0.697608218780335
Doristerol,BMI,-0.12855050545134963,0.37362822061200396
Doristerol,WC,0.004757329443459246,0.9738430700510932
Doristerol,WHR,0.08179187506973974,0.5722947579236198
Doristerol,Menstrual.cycles,-0.21798870811940793,0.12831488740302083
Doristerol,Acne,-0.12057485358949126,0.4042372272459194
Doristerol,Hair.loss,0.1636692950194872,0.2560722726698439
Doristerol,FG.score,0.17592558776287998,0.22167877778940825
Doristerol,BG0,-0.08825861734441603,0.542200296837541
Doristerol,BG120,0.17769986288125486,0.2169791973544064
Doristerol,INS0,0.17253715580377257,0.23084897624390457
Doristerol,INS120,0.18699128435844428,0.19350199730063647
Doristerol,CP0,-0.010901407148204121,0.9401056449696557
Doristerol,CP120,0.0026897861117741667,0.9852091698053672
Doristerol,HOMA.IR,0.15001560666044683,0.298414542153514
Doristerol,AUC.Ins.,0.12884564956713757,0.37252286625263775
Doristerol,ALT,0.24053976209064262,0.09244121831933957
Doristerol,rGT,0.23455581433834005,0.10109396861265062
Doristerol,UA,0.030588969731979717,0.832984663076554
Doristerol,TG,0.23181654627401002,0.10525758666610288
Doristerol,HDL,0.00485203734820404,0.9733225295555413
Doristerol,FFA,-0.04239100945646605,0.7700575828358581
Doristerol,IL6,0.062450338233787435,0.6665829199086427
Doristerol,IL8,-0.12149974625447944,0.4006150335008989
Doristerol,SOD,0.20550452203671046,0.15222545685547273
Doristerol,E2,-0.050372148859543824,0.72829338043481
Doristerol,T,0.17894105063537627,0.21373316766425088
Doristerol,FSH,-0.13777703111597345,0.34000756625469164
Doristerol,LH,0.11414439725732463,0.4299407591858876
Doristerol,LH.FSH,0.286523871958642,0.04366433617963646
Doristerol,PRL,-0.010228336817757738,0.9437974944872696
Doristerol,FT,0.08841635086581227,0.5414759114960396
Doristerol,AD,0.12509429496282207,0.38671797710064626
Doristerol,DHEAS,0.0672864477773977,0.6424472930180651
Doristerol,SHBG,0.07516049388832914,0.6039299093751406
Doristerol,VAT.Mass,0.1161424145475716,0.42185762400312077
Doristerol,VAT.Volume,0.1161424145475716,0.42185762400312077
Benzophenone,BMI,0.03611131120635596,0.8033853270794997
Benzophenone,WC,0.07823163973688539,0.589184284757247
Benzophenone,WHR,0.08131074639285892,0.5745641347359052
Benzophenone,Menstrual.cycles,-0.1675976491983589,0.2446790382974185
Benzophenone,Acne,-0.27579765361274433,0.05254506152422583
Benzophenone,Hair.loss,0.12483251315045636,0.3877203386653262
Benzophenone,FG.score,0.1445103042337943,0.31669873331222215
Benzophenone,BG0,0.040441824113580035,0.7803614547608575
Benzophenone,BG120,0.13970024364928066,0.333243883473329
Benzophenone,INS0,0.20634348969908453,0.15052239324722091
Benzophenone,INS120,0.07721673991997392,0.5940393576770886
Benzophenone,CP0,0.10498007059900531,0.4681120625162869
Benzophenone,CP120,0.03434280481997373,0.8128368075214717
Benzophenone,HOMA.IR,0.13119162528692088,0.3638068296828455
Benzophenone,AUC.Ins.,-0.06203321831913517,0.6686808337621605
Benzophenone,ALT,0.1469458319020496,0.30852390574246596
Benzophenone,rGT,0.16189895674165383,0.2613215110707889
Benzophenone,UA,0.12374846938667462,0.39188743241715474
Benzophenone,TG,0.1307239774099555,0.3655343570449794
Benzophenone,HDL,0.014363952149633742,0.9211346448387236
Benzophenone,FFA,-0.15486195362130953,0.28289567607963645
Benzophenone,IL6,-0.015913791977580884,0.9126566297137717
Benzophenone,IL8,-0.13731479587024845,0.3416457969504362
Benzophenone,SOD,-0.0004446011294063448,0.9975550566733117
Benzophenone,E2,-0.022328931572629048,0.8776767380459473
Benzophenone,T,0.32738624320487386,0.020298771662122288
Benzophenone,FSH,-0.1345114897719908,0.3516856260820074
Benzophenone,LH,-0.08000192083748543,0.5807583450163869
Benzophenone,LH.FSH,0.21054653950162358,0.14220164491516313
Benzophenone,PRL,0.20567120465003003,0.15188597373488186
Benzophenone,FT,0.14206822769542377,0.3250323872526134
Benzophenone,AD,0.1992262858624795,0.1654231202807262
Benzophenone,DHEAS,-0.020631576383094142,0.8869122160590777
Benzophenone,SHBG,0.10112325684521795,0.48470321126742444
Benzophenone,VAT.Mass,0.10120152941218456,0.48436346210159964
Benzophenone,VAT.Volume,0.10120152941218456,0.48436346210159964
Vulgarone A,BMI,0.027083483404766975,0.8518962472046404
Vulgarone A,WC,0.07453149461419487,0.6069696402374174
Vulgarone A,WHR,0.11951236333719618,0.40842162922077074
Vulgarone A,Menstrual.cycles,-0.37377823068535126,0.0074988206933141385
Vulgarone A,Acne,-0.30905968218915575,0.028970937813747818
Vulgarone A,Hair.loss,0.2857277523221557,0.04427823525779074
Vulgarone A,FG.score,0.1321858468493068,0.36015056413260527
Vulgarone A,BG0,0.129809096946211,0.3689283053423902
Vulgarone A,BG120,0.04121829747286204,0.7762522397201204
Vulgarone A,INS0,0.25585248152588375,0.07291340498652926
Vulgarone A,INS120,-0.001008427573581749,0.9944545062585576
Vulgarone A,CP0,0.2906881826787645,0.040565582639614885
Vulgarone A,CP120,0.06037609183035941,0.6770400264515096
Vulgarone A,HOMA.IR,0.1883358544565533,0.19026040276581155
Vulgarone A,AUC.Ins.,-0.02833735342671778,0.8451217487400108
Vulgarone A,ALT,0.17009220150230708,0.2376257918449192
Vulgarone A,rGT,0.27597070529756595,0.05239099140087384
Vulgarone A,UA,0.059545247201969936,0.6812457532401839
Vulgarone A,TG,0.23316124552730857,0.10319751102721338
Vulgarone A,HDL,0.037999619231974216,0.7933242643802818
Vulgarone A,FFA,-0.11134378437582759,0.441416101306365
Vulgarone A,IL6,-0.10743064615780155,0.4577306827825538
Vulgarone A,IL8,-0.1661835372323665,0.2487399468362455
Vulgarone A,SOD,0.10596326917517883,0.4639318418470434
Vulgarone A,E2,-0.1505402160864346,0.2967085862020062
Vulgarone A,T,0.2810421439394047,0.048035807161938664
Vulgarone A,FSH,-0.2716162035524384,0.056380708391144174
Vulgarone A,LH,-0.11025474804493789,0.44592380053554925
Vulgarone A,LH.FSH,0.19743540690948325,0.16933622372203846
Vulgarone A,PRL,0.17148070786954409,0.23376068884301643
Vulgarone A,FT,0.15221595824509693,0.29130170532478783
Vulgarone A,AD,-0.0007154535127658103,0.996065599113075
Vulgarone A,DHEAS,-0.017495576772863834,0.9040137889564624
Vulgarone A,SHBG,-0.015002872402855074,0.9176384842393086
Vulgarone A,VAT.Mass,0.08461666338811419,0.559054760317797
Vulgarone A,VAT.Volume,0.08461666338811419,0.559054760317797
Butyl salicylate,BMI,-0.08605248627897591,0.5523806355509895
Butyl salicylate,WC,-0.06660261220842946,0.6458387340407841
Butyl salicylate,WHR,-0.06995610961847151,0.6292767584496324
Butyl salicylate,Menstrual.cycles,-0.10578720855460344,0.4646789078946634
Butyl salicylate,Acne,-0.17046789645410831,0.23657570557867047
Butyl salicylate,Hair.loss,0.28017964062657985,0.04875496737820463
Butyl salicylate,FG.score,0.21647546911811527,0.1310524000330177
Butyl salicylate,BG0,-0.03706765523640411,0.7982857930406994
Butyl salicylate,BG120,0.13331092714124962,0.35604011513062783
Butyl salicylate,INS0,0.1008427573581749,0.48592177097054745
Butyl salicylate,INS120,0.08821340250807964,0.5424080305638147
Butyl salicylate,CP0,-0.0041300485231081695,0.9772910394289219
Butyl salicylate,CP120,0.014265472771373704,0.921673655262778
Butyl salicylate,HOMA.IR,0.06521164975828643,0.6527591109991069
Butyl salicylate,AUC.Ins.,0.1061564568745356,0.46311284740209413
Butyl salicylate,ALT,0.055560891343356664,0.7015461443590972
Butyl salicylate,rGT,0.29279701140323516,0.039066601709212
Butyl salicylate,UA,0.10809383181583415,0.4549429031795643
Butyl salicylate,TG,0.1267859295967239,0.3802777107072036
Butyl salicylate,HDL,-0.0744139193303768,0.6075385732668819
Butyl salicylate,FFA,-0.06615937892049617,0.6480407424608716
Butyl salicylate,IL6,-0.11199895868133423,0.4387164515052967
Butyl salicylate,IL8,-0.15448542116736913,0.28408206046990353
Butyl salicylate,SOD,0.12532811836709962,0.3858239641053035
Butyl salicylate,E2,-0.043169267707082834,0.765954365149786
Butyl salicylate,T,0.27465482248623646,0.05357177007485308
Butyl salicylate,FSH,-0.25524047416570195,0.07362539686636517
Butyl salicylate,LH,-0.25777329595175374,0.07071416047934384
Butyl salicylate,LH.FSH,-0.056334646632163435,0.6975871337115992
Butyl salicylate,PRL,0.2366923576278305,0.09793558969962904
Butyl salicylate,FT,0.07569527237770529,0.6013507357188219
Butyl salicylate,AD,0.2775959629531344,0.05096177848982902
Butyl salicylate,DHEAS,0.35222227201218326,0.012122611960861876
Butyl salicylate,SHBG,0.08675362256326262,0.5491353699334149
Butyl salicylate,VAT.Mass,0.003674780809998102,0.9797937662864203
Butyl salicylate,VAT.Volume,0.003674780809998102,0.9797937662864203
2-Butyl-1H-benzimidazole,BMI,-0.11145525706110664,0.4409561280700921
2-Butyl-1H-benzimidazole,WC,0.03628064373547204,0.8024817943136668
2-Butyl-1H-benzimidazole,WHR,0.2307974262997303,0.10683981424512563
2-Butyl-1H-benzimidazole,Menstrual.cycles,-0.16312708273670362,0.2576723962466062
2-Butyl-1H-benzimidazole,Acne,-0.23699195360693107,0.09749887884272432
2-Butyl-1H-benzimidazole,Hair.loss,0.24411691460533688,0.0875506748462469
2-Butyl-1H-benzimidazole,FG.score,0.10048057608764491,0.4874975473616906
2-Butyl-1H-benzimidazole,BG0,0.10344237729170772,0.4746901006625043
2-Butyl-1H-benzimidazole,BG120,0.11390277774843346,0.43092411667640906
2-Butyl-1H-benzimidazole,INS0,0.037792023828992216,0.7944287535756026
2-Butyl-1H-benzimidazole,INS120,-0.003313404884625746,0.9817804834826976
2-Butyl-1H-benzimidazole,CP0,0.03774672254840722,0.7946698273444015
2-Butyl-1H-benzimidazole,CP120,-0.04625471474354504,0.749750426725962
2-Butyl-1H-benzimidazole,HOMA.IR,0.013061538095915988,0.9282659349945861
2-Butyl-1H-benzimidazole,AUC.Ins.,-0.057302280268337315,0.6926473278497635
2-Butyl-1H-benzimidazole,ALT,0.08202074538846428,0.571216676828572
2-Butyl-1H-benzimidazole,rGT,0.24053421536155778,0.09244896314742179
2-Butyl-1H-benzimidazole,UA,0.12230785856727214,0.3974657053805457
2-Butyl-1H-benzimidazole,TG,0.23911634222048805,0.09444532471827619
2-Butyl-1H-benzimidazole,HDL,-0.17976558175227242,0.21159565007656808
2-Butyl-1H-benzimidazole,FFA,-0.1335439315247052,0.35519243484530305
2-Butyl-1H-benzimidazole,IL6,-0.05592417748588362,0.6996863629880952
2-Butyl-1H-benzimidazole,IL8,-0.13435261197396156,0.3522599992720826
2-Butyl-1H-benzimidazole,SOD,0.13822155111988366,0.3384367285686102
2-Butyl-1H-benzimidazole,E2,-0.12364945978391356,0.3922693346838516
2-Butyl-1H-benzimidazole,T,0.2869972406325842,0.04330262650025693
2-Butyl-1H-benzimidazole,FSH,-0.1230340724012283,0.3946479187073484
2-Butyl-1H-benzimidazole,LH,-0.061177939463959434,0.6729903064633008
2-Butyl-1H-benzimidazole,LH.FSH,0.0949476525079174,0.5118985251904788
2-Butyl-1H-benzimidazole,PRL,0.16778314009974432,0.24414972641351007
2-Butyl-1H-benzimidazole,FT,0.12415189959576166,0.3903335714027715
2-Butyl-1H-benzimidazole,AD,0.011997605060226665,0.9340956052362648
2-Butyl-1H-benzimidazole,DHEAS,0.005501753702158439,0.9697518190966841
2-Butyl-1H-benzimidazole,SHBG,0.0051146155918824114,0.971879386063043
2-Butyl-1H-benzimidazole,VAT.Mass,0.10714887203889202,0.4589179578994508
2-Butyl-1H-benzimidazole,VAT.Volume,0.10714887203889202,0.4589179578994508
PS(18:0/20:1(11Z)),BMI,0.029196379273223973,0.8404869052370456
PS(18:0/20:1(11Z)),WC,0.18803464759854577,0.1909831874968308
PS(18:0/20:1(11Z)),WHR,0.16810635970215917,0.24322925716769353
PS(18:0/20:1(11Z)),Menstrual.cycles,-0.07969270649037652,0.582226156346128
PS(18:0/20:1(11Z)),Acne,-0.15660871788060357,0.277434520654012
PS(18:0/20:1(11Z)),Hair.loss,0.1775395742584268,0.21740088417194461
PS(18:0/20:1(11Z)),FG.score,-0.0459146451578945,0.7515312872427319
PS(18:0/20:1(11Z)),BG0,0.10055023253984263,0.4871942791215451
PS(18:0/20:1(11Z)),BG120,0.1879323772888535,0.19122904273551433
PS(18:0/20:1(11Z)),INS0,-0.0434584263853087,0.7644314432615821
PS(18:0/20:1(11Z)),INS120,-0.00931594996546949,0.9488038686015442
PS(18:0/20:1(11Z)),CP0,-0.10056187915568031,0.487143582052464
PS(18:0/20:1(11Z)),CP120,-0.03246956092070244,0.8228768838271385
PS(18:0/20:1(11Z)),HOMA.IR,0.07063795051136917,0.6259309735091436
PS(18:0/20:1(11Z)),AUC.Ins.,-0.1183217261480158,0.4131402573446754
PS(18:0/20:1(11Z)),ALT,0.17719938552894215,0.21829774172153346
PS(18:0/20:1(11Z)),rGT,0.11686809742161074,0.4189433212984033
PS(18:0/20:1(11Z)),UA,-0.07131023556042368,0.6226393645976842
PS(18:0/20:1(11Z)),TG,0.15819426215591237,0.27253801601332384
PS(18:0/20:1(11Z)),HDL,-0.12432745205101045,0.3896585433963051
PS(18:0/20:1(11Z)),FFA,-0.18926483065996755,0.18804349516352026
PS(18:0/20:1(11Z)),IL6,0.04292205722659828,0.7672570521181629
PS(18:0/20:1(11Z)),IL8,-0.01270224619933194,0.9302342223519056
PS(18:0/20:1(11Z)),SOD,0.025144663874203277,0.8623921337145004
PS(18:0/20:1(11Z)),E2,-0.17426170468187277,0.22614969415113212
PS(18:0/20:1(11Z)),T,0.05604514387855183,0.6990674824690627
PS(18:0/20:1(11Z)),FSH,0.045573510815287134,0.7533190119182378
PS(18:0/20:1(11Z)),LH,0.03731182022252471,0.7969851520681858
PS(18:0/20:1(11Z)),LH.FSH,0.14623955583541146,0.3108804764917059
PS(18:0/20:1(11Z)),PRL,-0.07222262241271192,0.6181838481427322
PS(18:0/20:1(11Z)),FT,0.09701036190548759,0.5027301557382131
PS(18:0/20:1(11Z)),AD,-0.09119280543484214,0.5288022930223849
PS(18:0/20:1(11Z)),DHEAS,-0.20196937840623624,0.15955780954455343
PS(18:0/20:1(11Z)),SHBG,0.10039259747494904,0.48788072707610664
PS(18:0/20:1(11Z)),VAT.Mass,0.00788143778986435,0.9566790914483408
PS(18:0/20:1(11Z)),VAT.Volume,0.00788143778986435,0.9566790914483408
Somatostatin fragment 3-14,BMI,0.2877380009953257,0.04274152018218493
Somatostatin fragment 3-14,WC,0.246516162070161,0.08438541956683521
Somatostatin fragment 3-14,WHR,0.05407886328140439,0.7091509843894377
Somatostatin fragment 3-14,Menstrual.cycles,0.3197426882357789,0.02360371620154954
Somatostatin fragment 3-14,Acne,-0.15660871788060357,0.277434520654012
Somatostatin fragment 3-14,Hair.loss,-0.08599573128142549,0.5526437288267236
Somatostatin fragment 3-14,FG.score,-0.22387014354880774,0.11808267316260451
Somatostatin fragment 3-14,BG0,-0.02776458961790477,0.8482149727172846
Somatostatin fragment 3-14,BG120,-0.2912183208397316,0.040184382887011615
Somatostatin fragment 3-14,INS0,-0.09042233909783015,0.5323045111415288
Somatostatin fragment 3-14,INS120,-0.30320055712357913,0.03232311235980179
Somatostatin fragment 3-14,CP0,-0.09110118660856042,0.5292181581509855
Somatostatin fragment 3-14,CP120,-0.2777204160406827,0.05085365360861606
Somatostatin fragment 3-14,HOMA.IR,-0.005810463638256744,0.9680554128604433
Somatostatin fragment 3-14,AUC.Ins.,-0.2986766706151668,0.035126174022108006
Somatostatin fragment 3-14,ALT,-0.2868325012911576,0.04342822772325097
Somatostatin fragment 3-14,rGT,-0.35798086772089927,0.010695568272027904
Somatostatin fragment 3-14,UA,-0.257149031263346,0.0714230600973356
Somatostatin fragment 3-14,TG,-0.21827350379435995,0.12780452855160232
Somatostatin fragment 3-14,HDL,0.18649117807651566,0.19471765529444227
Somatostatin fragment 3-14,FFA,-0.11428420121673853,0.42937235352649783
Somatostatin fragment 3-14,IL6,-0.18313411083348602,0.203018608767625
Somatostatin fragment 3-14,IL8,-0.27081389723002564,0.05714184785467055
Somatostatin fragment 3-14,SOD,-0.2301551846560178,0.10784625608634628
Somatostatin fragment 3-14,E2,0.062184873949579826,0.6679177874859942
Somatostatin fragment 3-14,T,-0.3149477751118619,0.025899230693771202
Somatostatin fragment 3-14,FSH,0.13984200578937422,0.33274867566368416
Somatostatin fragment 3-14,LH,-0.11649739492901538,0.42043060665735177
Somatostatin fragment 3-14,LH.FSH,-0.171021037218358,0.23503543877007083
Somatostatin fragment 3-14,PRL,0.07385531467470142,0.6102447373294129
Somatostatin fragment 3-14,FT,-0.15182752836759744,0.29254924841550234
Somatostatin fragment 3-14,AD,-0.3643859775401869,0.009280490018731111
Somatostatin fragment 3-14,DHEAS,-0.236025233822597,0.09891346871096769
Somatostatin fragment 3-14,SHBG,0.021530096110590723,0.8820213492403262
Somatostatin fragment 3-14,VAT.Mass,0.0919662250081104,0.5252981119119446
Somatostatin fragment 3-14,VAT.Volume,0.0919662250081104,0.5252981119119446
L-argininium(1+),BMI,0.032845926682376965,0.8208573557491654
L-argininium(1+),WC,0.042047103666937785,0.7718727554341589
L-argininium(1+),WHR,0.07467117065190355,0.6062940639267047
L-argininium(1+),Menstrual.cycles,0.33417484300873124,0.017699845923345423
L-argininium(1+),Acne,-0.03187611071906091,0.826063562306399
L-argininium(1+),Hair.loss,-0.205280132736306,0.15268335422564225
L-argininium(1+),FG.score,0.02324730981152343,0.8726863847860407
L-argininium(1+),BG0,-0.10990150057087304,0.44739138372467546
L-argininium(1+),BG120,-0.22088779927764532,0.12319084664409269
L-argininium(1+),INS0,-0.3574635646544066,0.01081755801149839
L-argininium(1+),INS120,-0.21167374973087377,0.14002941752834003
L-argininium(1+),CP0,-0.26691639176087445,0.06095792122647158
L-argininium(1+),CP120,-0.3048104047378368,0.03137151687844504
L-argininium(1+),HOMA.IR,-0.27366803532582795,0.054471284374891994
L-argininium(1+),AUC.Ins.,-0.19112024227661956,0.1836711136774126
L-argininium(1+),ALT,-0.18925278546600569,0.18807212117579905
L-argininium(1+),rGT,-0.2026388669401939,0.15814971730158062
L-argininium(1+),UA,-0.19116905573471155,0.18355707506836932
L-argininium(1+),TG,-0.22499700006085288,0.1161950456756707
L-argininium(1+),HDL,0.13648156540839285,0.3446112211003556
L-argininium(1+),FFA,-0.40754177415025633,0.0033080161541243895
L-argininium(1+),IL6,0.004016098921786974,0.9779174311053227
L-argininium(1+),IL8,-0.06677465393324697,0.6449848286106175
L-argininium(1+),SOD,-0.20244171425635565,0.15856342585568217
L-argininium(1+),E2,0.09627851140456183,0.5059734470588746
L-argininium(1+),T,-0.3241205450182915,0.0216595637017696
L-argininium(1+),FSH,0.06430235087636405,0.6572988334581582
L-argininium(1+),LH,-0.08389157004987216,0.562439550598691
L-argininium(1+),LH.FSH,-0.2385457713742163,0.0952580640376586
L-argininium(1+),PRL,-0.014021945308850986,0.9230067112471241
L-argininium(1+),FT,-0.1024483801904799,0.47896829112982475
L-argininium(1+),AD,-0.21557164688489838,0.13270823772498985
L-argininium(1+),DHEAS,-0.02085164653118048,0.8857139265688716
L-argininium(1+),SHBG,0.23161902037524634,0.10556283887714767
L-argininium(1+),VAT.Mass,-0.09215963452442608,0.5244236211573459
L-argininium(1+),VAT.Volume,-0.09215963452442608,0.5244236211573459
Fumonisin FP3,BMI,-0.23626017438200975,0.09856823252242713
Fumonisin FP3,WC,-0.4110524854479838,0.0030233481120677673
Fumonisin FP3,WHR,-0.34261173080683327,0.014868330788729286
Fumonisin FP3,Menstrual.cycles,0.001797945207404836,0.9901129988983813
Fumonisin FP3,Acne,0.28688499647154814,0.04338817183104377
Fumonisin FP3,Hair.loss,-0.07767356373806174,0.5918518129563639
Fumonisin FP3,FG.score,-0.2856374240875332,0.044348331931203785
Fumonisin FP3,BG0,-0.004290014715266536,0.9764117131897724
Fumonisin FP3,BG120,-0.20181592970104129,0.15988183780182627
Fumonisin FP3,INS0,-0.32836322610247615,0.01990598363512079
Fumonisin FP3,INS120,-0.3263943913159594,0.02070421435151595
Fumonisin FP3,CP0,-0.18474763567903638,0.19899826222696668
Fumonisin FP3,CP120,-0.19841975763819786,0.16717716331057106
Fumonisin FP3,HOMA.IR,-0.266945184835283,0.06092899858539092
Fumonisin FP3,AUC.Ins.,-0.2437398593722284,0.08805643574623943
Fumonisin FP3,ALT,-0.3010948908581212,0.033603816164848886
Fumonisin FP3,rGT,-0.18677681906407595,0.19402265672141372
Fumonisin FP3,UA,-0.16562222387064057,0.2503644526243848
Fumonisin FP3,TG,-0.1509905161560985,0.2952493219100124
Fumonisin FP3,HDL,-0.02810338464058776,0.8463850259185707
Fumonisin FP3,FFA,0.009017278312126883,0.9504431498282845
Fumonisin FP3,IL6,0.0553719638841379,0.7025140117911454
Fumonisin FP3,IL8,0.1441428807837233,0.31794382217272776
Fumonisin FP3,SOD,-0.167614625786192,0.24463056196167915
Fumonisin FP3,E2,-0.053061224489795916,0.714389223324954
Fumonisin FP3,T,-0.16890383120896899,0.24096831795272827
Fumonisin FP3,FSH,0.15516123650599867,0.2819550133557756
Fumonisin FP3,LH,0.06991764510166792,0.6294657239595337
Fumonisin FP3,LH.FSH,0.06430698366621213,0.6572756727741957
Fumonisin FP3,PRL,-0.21397872704191778,0.13566464075870863
Fumonisin FP3,FT,-0.14386471587885874,0.318888503249774
Fumonisin FP3,AD,-0.07853478174744702,0.5877375618404981
Fumonisin FP3,DHEAS,-0.0895135327341178,0.5364501302294988
Fumonisin FP3,SHBG,-0.04398569409018874,0.7616567380207476
Fumonisin FP3,VAT.Mass,-0.3678165476533627,0.008591370036572978
Fumonisin FP3,VAT.Volume,-0.3678165476533627,0.008591370036572978
Furanofukinin,BMI,-0.06137002090654644,0.6720215584110406
Furanofukinin,WC,-0.0811629235353805,0.5752622093611555
Furanofukinin,WHR,-0.22386917335264647,0.11808430833871378
Furanofukinin,Menstrual.cycles,0.2224592745810632,0.12047878621026245
Furanofukinin,Acne,0.2314482821775292,0.10582724152002242
Furanofukinin,Hair.loss,-0.08322167543363757,0.565575159042107
Furanofukinin,FG.score,-0.23421302151069134,0.10160793918853923
Furanofukinin,BG0,-0.3339945164278857,0.017765040888546614
Furanofukinin,BG120,-0.15978095267452117,0.26769563746383446
Furanofukinin,INS0,-0.37974501199449867,0.006528191264171322
Furanofukinin,INS120,-0.1988042930775448,0.16633919275339967
Furanofukinin,CP0,-0.40781827974691365,0.003284767869776683
Furanofukinin,CP120,-0.34890368421299195,0.013016945451999386
Furanofukinin,HOMA.IR,-0.3335974454129719,0.01790931578164891
Furanofukinin,AUC.Ins.,-0.24393295888450583,0.08779713858530834
Furanofukinin,ALT,-0.3415290053880316,0.015208567719057669
Furanofukinin,rGT,-0.3297281015950478,0.01936801690743426
Furanofukinin,UA,-0.20701577474813904,0.14916787075388613
Furanofukinin,TG,-0.1168927850903129,0.4188443791535136
Furanofukinin,HDL,0.04698309432221338,0.7459404369786822
Furanofukinin,FFA,-0.04361618314017895,0.7636009517789659
Furanofukinin,IL6,0.03288180992213085,0.8206648709243441
Furanofukinin,IL8,0.12506440823136705,0.3868323357934923
Furanofukinin,SOD,-0.40187002085784607,0.0038179933915361117
Furanofukinin,E2,-0.011284513805522207,0.9380048230564941
Furanofukinin,T,-0.21654460475440462,0.13092638251001867
Furanofukinin,FSH,-0.04720628148727845,0.7447741933848144
Furanofukinin,LH,-0.03025282720745247,0.8347942275426988
Furanofukinin,LH.FSH,-0.04725770868375858,0.7445055455898469
Furanofukinin,PRL,-0.024298302487255473,0.8669814462252926
Furanofukinin,FT,-0.12604549524857148,0.38308874497240997
Furanofukinin,AD,-0.11705920166560604,0.4181777696303236
Furanofukinin,DHEAS,-0.05490750194754122,0.7048954144653087
Furanofukinin,SHBG,0.2364900828437058,0.09823129343163146
Furanofukinin,VAT.Mass,-0.2696128657440713,0.05829669846299967
Furanofukinin,VAT.Volume,-0.2696128657440713,0.05829669846299967
