micro,clinic,cor_value,p_value
Actinobaculum_sp_oral_taxon_183,BMI,0.24668984592023738,0.06942361209452988
Actinobaculum_sp_oral_taxon_183,WC,0.22307109095347727,0.10162173832089513
Actinobaculum_sp_oral_taxon_183,WHR,0.00826258576543774,0.9522587734431486
Actinobaculum_sp_oral_taxon_183,Menstrual.cycles,-0.1626556796978209,0.23542457417716936
Actinobaculum_sp_oral_taxon_183,Acne,0.22364915955726442,0.10071549130396532
Actinobaculum_sp_oral_taxon_183,Hair.loss,0.11714955976809087,0.39433211630206577
Actinobaculum_sp_oral_taxon_183,FG.score,0.14068161639366378,0.305615790151573
Actinobaculum_sp_oral_taxon_183,BG0,0.06451181473781692,0.63983370149358
Actinobaculum_sp_oral_taxon_183,BG120,-0.19241381945026842,0.15931086240446407
Actinobaculum_sp_oral_taxon_183,INS0,0.019887948156825264,0.885406172390161
Actinobaculum_sp_oral_taxon_183,INS120,0.10727318218619986,0.43566200356547535
Actinobaculum_sp_oral_taxon_183,CP0,0.14006422353583295,0.30776458149095204
Actinobaculum_sp_oral_taxon_183,CP120,0.28704820975187756,0.03359903573123502
Actinobaculum_sp_oral_taxon_183,HOMA.IR,0.041869364540684774,0.7614992904707563
Actinobaculum_sp_oral_taxon_183,AUC.Ins.,0.18164702416317882,0.18442242180398566
Actinobaculum_sp_oral_taxon_183,ALT,0.22753044038893266,0.09479181082593281
Actinobaculum_sp_oral_taxon_183,rGT,0.24192390604519665,0.07516062641717354
Actinobaculum_sp_oral_taxon_183,UA,-0.0525041831340187,0.7034254457604812
Actinobaculum_sp_oral_taxon_183,TG,-0.010385101193973796,0.9400150508673377
Actinobaculum_sp_oral_taxon_183,HDL,-0.015371048557252869,0.9113126856154236
Actinobaculum_sp_oral_taxon_183,FFA,0.06886554986886997,0.617368235310497
Actinobaculum_sp_oral_taxon_183,IL6,0.058434480808605145,0.6717333234671345
Actinobaculum_sp_oral_taxon_183,IL8,0.3073370380409075,0.022461617167382736
Actinobaculum_sp_oral_taxon_183,SOD,-0.10854541667096504,0.4302058926499548
Actinobaculum_sp_oral_taxon_183,E2,0.1217736865809508,0.3758023606596208
Actinobaculum_sp_oral_taxon_183,T,-0.1294509019047945,0.3462161309229058
Actinobaculum_sp_oral_taxon_183,FSH,-0.1852131625932224,0.17580844285993302
Actinobaculum_sp_oral_taxon_183,LH,-0.015201047409189787,0.9122896829490779
Actinobaculum_sp_oral_taxon_183,LH.FSH,-0.04301768881875739,0.7551587716557043
Actinobaculum_sp_oral_taxon_183,PRL,0.049840729654307664,0.7178277169404956
Actinobaculum_sp_oral_taxon_183,FT,0.041266362500657704,0.7648350595439614
Actinobaculum_sp_oral_taxon_183,AD,0.1014855930930497,0.4609662471987642
Actinobaculum_sp_oral_taxon_183,DHEAS,0.09710232061977324,0.48064919963979047
Actinobaculum_sp_oral_taxon_183,SHBG,0.11540144897101089,0.4014745943728726
Actinobaculum_sp_oral_taxon_183,VAT.Mass,0.11208778987590039,0.4152187656924956
Actinobaculum_sp_oral_taxon_183,VAT.Volume,0.11208778987590039,0.4152187656924956
Mogibacterium_diversum,BMI,0.35730235922432424,0.007406492326755954
Mogibacterium_diversum,WC,0.2796672122723211,0.03865033089973647
Mogibacterium_diversum,WHR,0.06540874696000072,0.6351783006820491
Mogibacterium_diversum,Menstrual.cycles,0.10376566974045967,0.45090339320326844
Mogibacterium_diversum,Acne,0.15241520959909466,0.26661816163460994
Mogibacterium_diversum,Hair.loss,-0.09930081837516774,0.4707217572097846
Mogibacterium_diversum,FG.score,-0.04222108495394064,0.7595555773045966
Mogibacterium_diversum,BG0,0.04848668429018318,0.7251874321885766
Mogibacterium_diversum,BG120,-0.09873954229506378,0.47324572945960797
Mogibacterium_diversum,INS0,0.09935937484037669,0.4704588542297319
Mogibacterium_diversum,INS120,-0.06282818722838159,0.6486095196186523
Mogibacterium_diversum,CP0,0.04937155361061208,0.7203750152711356
Mogibacterium_diversum,CP120,0.06216131231754925,0.6520988041609093
Mogibacterium_diversum,HOMA.IR,0.13966964752781022,0.3091429492358872
Mogibacterium_diversum,AUC.Ins.,0.014402690451820441,0.9168795430896896
Mogibacterium_diversum,ALT,-0.04147461515881231,0.7636825364878852
Mogibacterium_diversum,rGT,-0.1323341254768353,0.33548798554733406
Mogibacterium_diversum,UA,-0.1786725600199756,0.19183602683659307
Mogibacterium_diversum,TG,-0.1986747914975344,0.14591606894873838
Mogibacterium_diversum,HDL,-0.030914581950048373,0.822713621335443
Mogibacterium_diversum,FFA,0.23675528985075758,0.08180072435188396
Mogibacterium_diversum,IL6,-0.178121366668307,0.1932328833348283
Mogibacterium_diversum,IL8,0.01186547583581491,0.9314834921095112
Mogibacterium_diversum,SOD,-0.15653678164504503,0.25374686552024006
Mogibacterium_diversum,E2,0.1818219389829355,0.1839929672388461
Mogibacterium_diversum,T,-0.34236063409746337,0.01051167795028952
Mogibacterium_diversum,FSH,0.06680842389310788,0.6279414361733154
Mogibacterium_diversum,LH,0.19333912212895318,0.15727631009733176
Mogibacterium_diversum,LH.FSH,0.020454148872841513,0.8821665613725344
Mogibacterium_diversum,PRL,-0.13956971075450744,0.3094926852032397
Mogibacterium_diversum,FT,-0.16554512714058536,0.22709671564177558
Mogibacterium_diversum,AD,-0.032416746791505024,0.8142484640870504
Mogibacterium_diversum,DHEAS,0.09834912627235512,0.47500562596453666
Mogibacterium_diversum,SHBG,-0.033364636277810444,0.8089175753685375
Mogibacterium_diversum,VAT.Mass,0.15371733363541396,0.2625054668657008
Mogibacterium_diversum,VAT.Volume,0.15371733363541396,0.2625054668657008
Actinomyces_sp_oral_taxon_181,BMI,0.3057266764486281,0.023213586213810387
Actinomyces_sp_oral_taxon_181,WC,0.18856046369515103,0.16799179574872314
Actinomyces_sp_oral_taxon_181,WHR,-0.01573394223847277,0.9092275715521015
Actinomyces_sp_oral_taxon_181,Menstrual.cycles,0.1641135751201636,0.23119681504904593
Actinomyces_sp_oral_taxon_181,Acne,0.16607848245398174,0.225582091964731
Actinomyces_sp_oral_taxon_181,Hair.loss,-0.015098043859452882,0.9128817075485408
Actinomyces_sp_oral_taxon_181,FG.score,0.08395979601668356,0.5422339884677394
Actinomyces_sp_oral_taxon_181,BG0,-0.14967850807103517,0.27540159809423154
Actinomyces_sp_oral_taxon_181,BG120,-0.14339993175375743,0.2962701285712178
Actinomyces_sp_oral_taxon_181,INS0,-0.04277328507378842,0.7565069310580256
Actinomyces_sp_oral_taxon_181,INS120,-0.08087401357182661,0.5572276678448206
Actinomyces_sp_oral_taxon_181,CP0,-0.04730230952934349,0.7316452344633475
Actinomyces_sp_oral_taxon_181,CP120,-0.04709370738665523,0.7327845673047959
Actinomyces_sp_oral_taxon_181,HOMA.IR,-0.01729560246151906,0.9002616891556141
Actinomyces_sp_oral_taxon_181,AUC.Ins.,-0.01647207734419717,0.9049882842147654
Actinomyces_sp_oral_taxon_181,ALT,-0.105660480786679,0.44263362743672163
Actinomyces_sp_oral_taxon_181,rGT,-0.04563079303111415,0.7407905910727013
Actinomyces_sp_oral_taxon_181,UA,-0.1189871700494157,0.3869050781174095
Actinomyces_sp_oral_taxon_181,TG,-0.23093966726267695,0.08981552129608272
Actinomyces_sp_oral_taxon_181,HDL,0.014469447812575796,0.916495640939883
Actinomyces_sp_oral_taxon_181,FFA,0.1832065504269877,0.1806188016378456
Actinomyces_sp_oral_taxon_181,IL6,-0.30119899635713715,0.02544244803182999
Actinomyces_sp_oral_taxon_181,IL8,-0.04039999563803134,0.7696351594546528
Actinomyces_sp_oral_taxon_181,SOD,-0.0690018421255999,0.6166704033714133
Actinomyces_sp_oral_taxon_181,E2,0.05004940981568732,0.7166957058024348
Actinomyces_sp_oral_taxon_181,T,-0.19088427403947084,0.1627163253622852
Actinomyces_sp_oral_taxon_181,FSH,0.0722585001960136,0.6000970836411896
Actinomyces_sp_oral_taxon_181,LH,0.021243983190198004,0.8776506018462487
Actinomyces_sp_oral_taxon_181,LH.FSH,-0.2125300622740281,0.11927626264322466
Actinomyces_sp_oral_taxon_181,PRL,-0.006211631636711831,0.9641001333959769
Actinomyces_sp_oral_taxon_181,FT,-0.06907313306117208,0.6163055195263207
Actinomyces_sp_oral_taxon_181,AD,-0.02957496396420403,0.830279753842339
Actinomyces_sp_oral_taxon_181,DHEAS,0.2350602117845005,0.08407627623894115
Actinomyces_sp_oral_taxon_181,SHBG,-0.12880415554407887,0.3486514239442675
Actinomyces_sp_oral_taxon_181,VAT.Mass,0.032029598798148845,0.8164281877509243
Actinomyces_sp_oral_taxon_181,VAT.Volume,0.032029598798148845,0.8164281877509243
Enterorhabdus_caecimuris,BMI,0.13531934521626057,0.3246020087166228
Enterorhabdus_caecimuris,WC,0.06120316692639067,0.6571250618659393
Enterorhabdus_caecimuris,WHR,-0.20065081371499568,0.14186754937799595
Enterorhabdus_caecimuris,Menstrual.cycles,-0.034654578233269416,0.8016768596824855
Enterorhabdus_caecimuris,Acne,-0.12247453975754954,0.37304023220686844
Enterorhabdus_caecimuris,Hair.loss,-0.189036789625783,0.16690041385562157
Enterorhabdus_caecimuris,FG.score,0.12639429825182674,0.35781838824635914
Enterorhabdus_caecimuris,BG0,-0.0375058922922334,0.7857312335367922
Enterorhabdus_caecimuris,BG120,-0.057003745814500496,0.6793301270120167
Enterorhabdus_caecimuris,INS0,-0.1740090790310859,0.20388388255696097
Enterorhabdus_caecimuris,INS120,-0.1846505595008358,0.1771476812628724
Enterorhabdus_caecimuris,CP0,0.06601112927406481,0.6320595511067582
Enterorhabdus_caecimuris,CP120,0.03499565705107574,0.7997650484244414
Enterorhabdus_caecimuris,HOMA.IR,-0.111037554761896,0.41963055595836507
Enterorhabdus_caecimuris,AUC.Ins.,-0.06507262304128726,0.6369212764084002
Enterorhabdus_caecimuris,ALT,-0.029142654860268152,0.8327247270229958
Enterorhabdus_caecimuris,rGT,0.06490641381700397,0.6377838792603775
Enterorhabdus_caecimuris,UA,-0.022525718122888404,0.8703304358691013
Enterorhabdus_caecimuris,TG,-0.14861582313472985,0.27886339638510926
Enterorhabdus_caecimuris,HDL,0.059808875585169195,0.6644662047156351
Enterorhabdus_caecimuris,FFA,0.020814806374633416,0.8801039942810598
Enterorhabdus_caecimuris,IL6,-0.10416388889594538,0.4491583778243755
Enterorhabdus_caecimuris,IL8,0.08779160853286078,0.5238917634175018
Enterorhabdus_caecimuris,SOD,-0.07889884154352841,0.5669267303181311
Enterorhabdus_caecimuris,E2,0.23831294715687448,0.07975270171296897
Enterorhabdus_caecimuris,T,0.048036293912908215,0.7276409769176999
Enterorhabdus_caecimuris,FSH,0.1470564029545011,0.28399519591263056
Enterorhabdus_caecimuris,LH,0.043718714862793766,0.7512958603218144
Enterorhabdus_caecimuris,LH.FSH,-0.08616103787749167,0.5316590941806596
Enterorhabdus_caecimuris,PRL,-0.02697263016586062,0.8450208562798457
Enterorhabdus_caecimuris,FT,-0.0677006338450543,0.6233463833106423
Enterorhabdus_caecimuris,AD,0.07604232117028793,0.5810910432375671
Enterorhabdus_caecimuris,DHEAS,0.02644325652793035,0.8480261657192916
Enterorhabdus_caecimuris,SHBG,-0.08337392192842805,0.545065627429453
Enterorhabdus_caecimuris,VAT.Mass,-0.06251537865531351,0.650245298337613
Enterorhabdus_caecimuris,VAT.Volume,-0.06251537865531351,0.650245298337613
Asaccharobacter_celatus,BMI,0.18592820146752315,0.17411694575988426
Asaccharobacter_celatus,WC,0.03848737759483689,0.7802621794298641
Asaccharobacter_celatus,WHR,-0.25139899189296017,0.06410351005987168
Asaccharobacter_celatus,Menstrual.cycles,-0.06588286702169677,0.6327230806433473
Asaccharobacter_celatus,Acne,-0.09899879397012362,0.47207901669135144
Asaccharobacter_celatus,Hair.loss,-0.20927593155709673,0.1251727209048028
Asaccharobacter_celatus,FG.score,0.15867245536981348,0.2472454286899755
Asaccharobacter_celatus,BG0,-0.000672112215168869,0.9961142963097426
Asaccharobacter_celatus,BG120,-0.0969698938993326,0.48125069666479425
Asaccharobacter_celatus,INS0,-0.15140563220460498,0.2698363421147323
Asaccharobacter_celatus,INS120,-0.20404926150716113,0.13510164756373466
Asaccharobacter_celatus,CP0,0.10172448014980176,0.4599062632282197
Asaccharobacter_celatus,CP120,0.022921795452202704,0.8680705349900475
Asaccharobacter_celatus,HOMA.IR,-0.09151734426112008,0.5063586896036791
Asaccharobacter_celatus,AUC.Ins.,-0.07720380001241584,0.5753123601820964
Asaccharobacter_celatus,ALT,0.0012415815519462923,0.9928220716420008
Asaccharobacter_celatus,rGT,-0.02295171173329811,0.8678998837729855
Asaccharobacter_celatus,UA,-0.07813657837970307,0.5706907171816887
Asaccharobacter_celatus,TG,-0.17616281050930402,0.1982550142843564
Asaccharobacter_celatus,HDL,0.04965699401058394,0.7188249120143338
Asaccharobacter_celatus,FFA,0.03744309755782584,0.7860814926962548
Asaccharobacter_celatus,IL6,-0.09936590883992165,0.4704295231918477
Asaccharobacter_celatus,IL8,0.0965400280192423,0.4832059356566617
Asaccharobacter_celatus,SOD,-0.13344625353034847,0.3314060788850288
Asaccharobacter_celatus,E2,0.28493910847314924,0.03498303187968078
Asaccharobacter_celatus,T,-0.02103223003695381,0.8788609491066302
Asaccharobacter_celatus,FSH,0.14615730257204654,0.28698203444918624
Asaccharobacter_celatus,LH,0.04468206508191152,0.7459973249850527
Asaccharobacter_celatus,LH.FSH,-0.0536438574832155,0.6972938992285871
Asaccharobacter_celatus,PRL,-0.04537927757537285,0.7421698262678567
Asaccharobacter_celatus,FT,-0.13265887339388904,0.3342928075807251
Asaccharobacter_celatus,AD,0.024785116179965875,0.8574533102991517
Asaccharobacter_celatus,DHEAS,0.00029311229839880387,0.9983054152932114
Asaccharobacter_celatus,SHBG,-0.09502252166920905,0.49014166073459886
Asaccharobacter_celatus,VAT.Mass,-0.006649266306434859,0.9615726800111617
Asaccharobacter_celatus,VAT.Volume,-0.006649266306434859,0.9615726800111617
Eubacterium_sulci,BMI,0.25099065994850456,0.06455146526936431
Eubacterium_sulci,WC,0.14603557290200123,0.28738800141760223
Eubacterium_sulci,WHR,-0.02261056810233197,0.8698462196013876
Eubacterium_sulci,Menstrual.cycles,-0.0008670781759321628,0.9949871461968514
Eubacterium_sulci,Acne,0.15266934916182784,0.2658121116728184
Eubacterium_sulci,Hair.loss,0.04742002511844653,0.7310025547167609
Eubacterium_sulci,FG.score,0.0008055520965243549,0.9953428438922073
Eubacterium_sulci,BG0,-0.03512114900325571,0.799061934883063
Eubacterium_sulci,BG120,-0.20585024232860072,0.13161577229393756
Eubacterium_sulci,INS0,0.04708887973863789,0.7328109414969488
Eubacterium_sulci,INS120,-0.11186058668213673,0.41617092915304854
Eubacterium_sulci,CP0,0.04630615002553226,0.7370911486421052
Eubacterium_sulci,CP120,-0.039252414064589285,0.7760065244263104
Eubacterium_sulci,HOMA.IR,0.09663314718091275,0.4827820292936066
Eubacterium_sulci,AUC.Ins.,-0.04002129279550545,0.7717360681621758
Eubacterium_sulci,ALT,-0.0037105644490925396,0.978550423856805
Eubacterium_sulci,rGT,0.00045771678701012004,0.9973537819575439
Eubacterium_sulci,UA,-0.10543616679987787,0.4436082097298535
Eubacterium_sulci,TG,-0.19180255481345132,0.16066547629607714
Eubacterium_sulci,HDL,0.003984478462302598,0.9769674279247217
Eubacterium_sulci,FFA,0.2606067238011186,0.054647357218863254
Eubacterium_sulci,IL6,-0.2114944194054218,0.1211294362169795
Eubacterium_sulci,IL8,-0.09073569439323556,0.5100120652223825
Eubacterium_sulci,SOD,-0.03737578101236258,0.7864570205197252
Eubacterium_sulci,E2,0.1725568128756069,0.20774264469075274
Eubacterium_sulci,T,-0.29246507483520057,0.03025160121357307
Eubacterium_sulci,FSH,-0.037426338356452496,0.7861749800012541
Eubacterium_sulci,LH,0.1674482526003133,0.22172436000473242
Eubacterium_sulci,LH.FSH,0.06062776538378567,0.6601507891517101
Eubacterium_sulci,PRL,-0.10381476760684301,0.4506880427418696
Eubacterium_sulci,FT,-0.09581516578059932,0.4865124269256884
Eubacterium_sulci,AD,-0.07235160083655132,0.5996261794158703
Eubacterium_sulci,DHEAS,0.16341856643845362,0.2332056931491739
Eubacterium_sulci,SHBG,0.05594745698504933,0.6849591477556015
Eubacterium_sulci,VAT.Mass,0.09657344568789877,0.4830537858231919
Eubacterium_sulci,VAT.Volume,0.09657344568789877,0.4830537858231919
Gemella_sanguinis,BMI,0.08285967393627527,0.5475569464503602
Gemella_sanguinis,WC,0.031630829849781605,0.8186747827430741
Gemella_sanguinis,WHR,-0.09215149609833585,0.5034045638170566
Gemella_sanguinis,Menstrual.cycles,0.007943520000620544,0.9541003191510413
Gemella_sanguinis,Acne,0.05507849018283328,0.689602709761998
Gemella_sanguinis,Hair.loss,-0.002294937090951386,0.9867327503249487
Gemella_sanguinis,FG.score,-0.32843564678071374,0.014359969185252437
Gemella_sanguinis,BG0,-0.08340907763380204,0.5448955124208734
Gemella_sanguinis,BG120,-0.2334699182676071,0.0862561297259052
Gemella_sanguinis,INS0,-0.17828143421197204,0.192826488100721
Gemella_sanguinis,INS120,-0.20694385155910527,0.12953234488619128
Gemella_sanguinis,CP0,-0.1589977798963063,0.2462651099541711
Gemella_sanguinis,CP120,-0.14182760604620204,0.3016529384774392
Gemella_sanguinis,HOMA.IR,-0.16438703093836693,0.23040969181466348
Gemella_sanguinis,AUC.Ins.,-0.22987952359565936,0.09134057350252334
Gemella_sanguinis,ALT,-0.10412343609825435,0.44933547390827866
Gemella_sanguinis,rGT,-0.20478480503652738,0.13366969430008518
Gemella_sanguinis,UA,-0.11649645134336957,0.3969918199320245
Gemella_sanguinis,TG,0.03226854410969101,0.8150827119156823
Gemella_sanguinis,HDL,-0.14288808664259925,0.2980155169129526
Gemella_sanguinis,FFA,0.04825220856109968,0.7264644210024263
Gemella_sanguinis,IL6,-0.11802064374052994,0.39080108175366823
Gemella_sanguinis,IL8,-0.17534710842642295,0.2003737516087428
Gemella_sanguinis,SOD,-0.21435438898452056,0.11606441719833044
Gemella_sanguinis,E2,0.04988269346710624,0.7176000306520207
Gemella_sanguinis,T,-0.11742834482990287,0.3931999955963712
Gemella_sanguinis,FSH,-0.19231741230627672,0.1595239494307169
Gemella_sanguinis,LH,0.08341605264435642,0.5448617640744053
Gemella_sanguinis,LH.FSH,0.11055149426746422,0.42168140734749304
Gemella_sanguinis,PRL,-0.16086642599277978,0.24068548553463806
Gemella_sanguinis,FT,-0.1485058302090082,0.2792233435969535
Gemella_sanguinis,AD,0.06500787457462118,0.6372572552356435
Gemella_sanguinis,DHEAS,-0.016227484817339585,0.9063927524011547
Gemella_sanguinis,SHBG,0.13703836673069447,0.31843592723874453
Gemella_sanguinis,VAT.Mass,-0.09391632528307522,0.4952300853737355
Gemella_sanguinis,VAT.Volume,-0.09391632528307522,0.4952300853737355
Dorea_longicatena,BMI,0.1788819642498417,0.19130724164964938
Dorea_longicatena,WC,0.16110264961246684,0.2399863504418878
Dorea_longicatena,WHR,-0.06976365637058465,0.6127760335390604
Dorea_longicatena,Menstrual.cycles,-0.06851426790720322,0.6191683855885819
Dorea_longicatena,Acne,0.04710065413838628,0.7327466166572048
Dorea_longicatena,Hair.loss,-0.1355579802031605,0.3237415488325408
Dorea_longicatena,FG.score,0.04164296051396201,0.7627512420959032
Dorea_longicatena,BG0,-0.18390079187291786,0.17894390443640154
Dorea_longicatena,BG120,-0.2514323487343668,0.06406702679827804
Dorea_longicatena,INS0,-0.12855453640094286,0.34959417362897505
Dorea_longicatena,INS120,-0.18976750561517344,0.16523623556744724
Dorea_longicatena,CP0,-0.060813656313240656,0.6591726953550157
Dorea_longicatena,CP120,-0.09345558899811705,0.4973574952047688
Dorea_longicatena,HOMA.IR,-0.09419383822295055,0.49395097573677205
Dorea_longicatena,AUC.Ins.,0.0009092349457196945,0.994743427892654
Dorea_longicatena,ALT,-0.10814630443753016,0.4319133652616375
Dorea_longicatena,rGT,-0.21567841340441676,0.11377504012560806
Dorea_longicatena,UA,-0.19982317694362406,0.1435529074302479
Dorea_longicatena,TG,-0.018284987254178292,0.8945877023317854
Dorea_longicatena,HDL,0.011366929678567573,0.9343558612450066
Dorea_longicatena,FFA,-0.050279046072659546,0.715450714247642
Dorea_longicatena,IL6,0.06274595445362188,0.6490393826592578
Dorea_longicatena,IL8,0.18122340672986761,0.18546548159193002
Dorea_longicatena,SOD,-0.18972858311303625,0.16532457305502812
Dorea_longicatena,E2,0.23548244948982772,0.08350484350451683
Dorea_longicatena,T,-0.15771605690421991,0.2501427561767106
Dorea_longicatena,FSH,-0.147432051197877,0.28275335793852413
Dorea_longicatena,LH,-0.12216109641812038,0.3742740290107057
Dorea_longicatena,LH.FSH,-0.18439944697362284,0.17774781421509275
Dorea_longicatena,PRL,-0.1284155839362499,0.3501196429816785
Dorea_longicatena,FT,-0.04349574172692424,0.7525238729433157
Dorea_longicatena,AD,0.11631434080563838,0.39773531255735295
Dorea_longicatena,DHEAS,0.06866423503202199,0.6183996043018911
Dorea_longicatena,SHBG,0.07099059078714244,0.6065262900972868
Dorea_longicatena,VAT.Mass,-0.11234820568472059,0.41412895420600937
Dorea_longicatena,VAT.Volume,-0.11234820568472059,0.41412895420600937
Adlercreutzia_equolifaciens,BMI,0.12685846055668973,0.3560413816782947
Adlercreutzia_equolifaciens,WC,-0.009413490350648519,0.9456182458215898
Adlercreutzia_equolifaciens,WHR,-0.29056230174826897,0.03139423404180028
Adlercreutzia_equolifaciens,Menstrual.cycles,-0.02083418787299854,0.8799931755181689
Adlercreutzia_equolifaciens,Acne,-0.08617410029131714,0.5315966460204868
Adlercreutzia_equolifaciens,Hair.loss,-0.24498065654245874,0.07143947242171575
Adlercreutzia_equolifaciens,FG.score,0.1334264952643539,0.3314783254529805
Adlercreutzia_equolifaciens,BG0,-0.0023303439319576702,0.9865280787608215
Adlercreutzia_equolifaciens,BG120,-0.13674209032391144,0.31949331209270765
Adlercreutzia_equolifaciens,INS0,-0.2020518291476,0.13904830580379265
Adlercreutzia_equolifaciens,INS120,-0.21605631590505375,0.11312798592725108
Adlercreutzia_equolifaciens,CP0,0.05327730804725726,0.6992638953352166
Adlercreutzia_equolifaciens,CP120,-0.0015890306060701285,0.990813448796403
Adlercreutzia_equolifaciens,HOMA.IR,-0.13985076303173924,0.30850976927324875
Adlercreutzia_equolifaciens,AUC.Ins.,-0.08792468915331748,0.5232603293804361
Adlercreutzia_equolifaciens,ALT,-0.02034760614614569,0.8827760186007781
Adlercreutzia_equolifaciens,rGT,-0.02548973795985209,0.8534447807301644
Adlercreutzia_equolifaciens,UA,-0.08163768932791314,0.5534988072544647
Adlercreutzia_equolifaciens,TG,-0.17563252789167996,0.199630573329897
Adlercreutzia_equolifaciens,HDL,0.06967698060815966,0.6132185848446922
Adlercreutzia_equolifaciens,FFA,0.008050027111747432,0.9534855671742041
Adlercreutzia_equolifaciens,IL6,-0.08211961718969372,0.551151787810149
Adlercreutzia_equolifaciens,IL8,0.12904382572016188,0.3477477270285896
Adlercreutzia_equolifaciens,SOD,-0.14962427944224546,0.2755775601913003
Adlercreutzia_equolifaciens,E2,0.3211571756299521,0.016813095426309623
Adlercreutzia_equolifaciens,T,-0.024534286009043636,0.8588811281575852
Adlercreutzia_equolifaciens,FSH,0.09439073493001829,0.49304448409557877
Adlercreutzia_equolifaciens,LH,-0.0027300885558902864,0.9842173916381989
Adlercreutzia_equolifaciens,LH.FSH,-0.07586141427834064,0.5819934748521998
Adlercreutzia_equolifaciens,PRL,-0.0032533998727545367,0.9811926358968579
Adlercreutzia_equolifaciens,FT,-0.14140307276334807,0.3031170891403148
Adlercreutzia_equolifaciens,AD,0.03573580248719204,0.7956204142339951
Adlercreutzia_equolifaciens,DHEAS,-0.015859139384025923,0.9085083541335228
Adlercreutzia_equolifaciens,SHBG,-0.058899204003251625,0.6692727192256607
Adlercreutzia_equolifaciens,VAT.Mass,-0.06277810437377997,0.6488713088590496
Adlercreutzia_equolifaciens,VAT.Volume,-0.06277810437377997,0.6488713088590496
Enterococcus_faecalis,BMI,-0.11602017112781159,0.3989380234517117
Enterococcus_faecalis,WC,-0.042023847864830516,0.7606453881658234
Enterococcus_faecalis,WHR,-0.10811507557310106,0.4320471285446451
Enterococcus_faecalis,Menstrual.cycles,-0.03056120835411588,0.8247079429710698
Enterococcus_faecalis,Acne,0.04575443820890848,0.7401128543296704
Enterococcus_faecalis,Hair.loss,-0.1315440098506119,0.33840701361602477
Enterococcus_faecalis,FG.score,0.12584068491636669,0.3599449264515414
Enterococcus_faecalis,BG0,0.03356187680857657,0.8078093767120575
Enterococcus_faecalis,BG120,0.26397368494979545,0.051485527067830786
Enterococcus_faecalis,INS0,0.14556746840692886,0.2889526297275082
Enterococcus_faecalis,INS120,0.07042535686760627,0.6094020350550771
Enterococcus_faecalis,CP0,0.06262178528286709,0.6496886789220542
Enterococcus_faecalis,CP120,0.01444967133679835,0.9166093677275796
Enterococcus_faecalis,HOMA.IR,0.07294112874761773,0.5966481206469361
Enterococcus_faecalis,AUC.Ins.,-0.007333162214550865,0.9576237646021305
Enterococcus_faecalis,ALT,-0.013221857248330086,0.9236732038383758
Enterococcus_faecalis,rGT,0.08483239734435968,0.5380297989257613
Enterococcus_faecalis,UA,-0.0445651409302646,0.7466398048130671
Enterococcus_faecalis,TG,-0.09795851380090347,0.47676989405888137
Enterococcus_faecalis,HDL,0.13868714732101503,0.31259229775498376
Enterococcus_faecalis,FFA,0.0853978378748408,0.53531402214854
Enterococcus_faecalis,IL6,0.1373149134698432,0.31745096718149185
Enterococcus_faecalis,IL8,0.12106370243919225,0.37861294550683455
Enterococcus_faecalis,SOD,-0.018593845134476275,0.8928175034921694
Enterococcus_faecalis,E2,-0.016821158935508673,0.9029843331431693
Enterococcus_faecalis,T,0.1999865526221229,0.1432190413416942
Enterococcus_faecalis,FSH,0.06927859802027231,0.6152544166186872
Enterococcus_faecalis,LH,0.0620235206937952,0.6528206964832279
Enterococcus_faecalis,LH.FSH,0.08079941614265318,0.5575925467288565
Enterococcus_faecalis,PRL,0.16599272579128949,0.2258251500814736
Enterococcus_faecalis,FT,0.2392760528001005,0.07850679503488611
Enterococcus_faecalis,AD,0.006947642562127277,0.9598496935207198
Enterococcus_faecalis,DHEAS,0.16521193819073787,0.22804647283090318
Enterococcus_faecalis,SHBG,0.0028398828121979176,0.9835827577288776
Enterococcus_faecalis,VAT.Mass,-0.07432261668499783,0.58969515856907
Enterococcus_faecalis,VAT.Volume,-0.07432261668499783,0.58969515856907
Atopobium_rimae,BMI,0.26338541393345194,0.05202697329590184
Atopobium_rimae,WC,0.2731181632036848,0.043642204700775504
Atopobium_rimae,WHR,0.012252204492433192,0.9292559534372419
Atopobium_rimae,Menstrual.cycles,0.17292570895217568,0.20675762554636903
Atopobium_rimae,Acne,-0.06984077713911259,0.6123823836419444
Atopobium_rimae,Hair.loss,-0.13968155427822518,0.3091012976237162
Atopobium_rimae,FG.score,0.09196032659392786,0.5042941737634657
Atopobium_rimae,BG0,0.08593374221478323,0.5327463162131836
Atopobium_rimae,BG120,-0.24869841096858117,0.06711293075739812
Atopobium_rimae,INS0,-0.044031487031150555,0.7495743155152608
Atopobium_rimae,INS120,-0.30393805518617906,0.024073569038333135
Atopobium_rimae,CP0,-0.056982958244889706,0.6794407389588276
Atopobium_rimae,CP120,-0.2405648441331892,0.07686369644822301
Atopobium_rimae,HOMA.IR,-0.0446305548819145,0.7462803443234708
Atopobium_rimae,AUC.Ins.,-0.25738841137382434,0.057814874488680314
Atopobium_rimae,ALT,-0.14518196611492692,0.2902453406545363
Atopobium_rimae,rGT,-0.09316976955202674,0.4986796138591302
Atopobium_rimae,UA,-0.03544484783686723,0.7972490281230099
Atopobium_rimae,TG,-0.15328364719851703,0.2638704900796986
Atopobium_rimae,HDL,0.29204057321502014,0.03050346356597705
Atopobium_rimae,FFA,-0.04501194180620183,0.7441856300736791
Atopobium_rimae,IL6,-0.3181228378252808,0.01793663907852558
Atopobium_rimae,IL8,-0.2859483044375988,0.034315009490044145
Atopobium_rimae,SOD,-0.22468329314907773,0.09910988423884855
Atopobium_rimae,E2,0.025264340548029195,0.8547266514334566
Atopobium_rimae,T,-0.3745619341677455,0.004841733003576303
Atopobium_rimae,FSH,-0.2484531986859796,0.06739168674011695
Atopobium_rimae,LH,-0.17315872336381524,0.20613713467736608
Atopobium_rimae,LH.FSH,-0.11476912019065086,0.4040766386021172
Atopobium_rimae,PRL,0.1742854994049966,0.20315519442266197
Atopobium_rimae,FT,-0.23010542557561478,0.09101392250158388
Atopobium_rimae,AD,-0.2752032020254868,0.04199856654005759
Atopobium_rimae,DHEAS,-0.1570178398253666,0.25227243477629774
Atopobium_rimae,SHBG,0.19820915147449125,0.1468824658528992
Atopobium_rimae,VAT.Mass,0.10257978360273154,0.4561220192764841
Atopobium_rimae,VAT.Volume,0.10257978360273154,0.4561220192764841
Atopobium_parvulum,BMI,0.21693073857386164,0.11164157810005451
Atopobium_parvulum,WC,-0.008008827537408815,0.9537233652143088
Atopobium_parvulum,WHR,-0.2247442133475838,0.09901592141064569
Atopobium_parvulum,Menstrual.cycles,0.1876093282992218,0.17018664160674227
Atopobium_parvulum,Acne,-0.0600527001491924,0.6631801511480686
Atopobium_parvulum,Hair.loss,-0.05719304776113561,0.6783231484760064
Atopobium_parvulum,FG.score,-0.18405331829854205,0.17857743403206372
Atopobium_parvulum,BG0,0.21774620881048265,0.1102689129780867
Atopobium_parvulum,BG120,-0.2363077312612944,0.08239677835537128
Atopobium_parvulum,INS0,-0.02725174107340095,0.8434371933215894
Atopobium_parvulum,INS120,-0.3004995112320211,0.025802324796677028
Atopobium_parvulum,CP0,0.019794242474469485,0.8859425058951733
Atopobium_parvulum,CP120,-0.20589656291126374,0.13152701873882872
Atopobium_parvulum,HOMA.IR,0.02365415149275396,0.8638946966227858
Atopobium_parvulum,AUC.Ins.,-0.290791568310338,0.031254680116573924
Atopobium_parvulum,ALT,-0.2498661186112992,0.06579810989951426
Atopobium_parvulum,rGT,-0.29152648820580385,0.03081081656866009
Atopobium_parvulum,UA,-0.17754104580492894,0.19471138252497336
Atopobium_parvulum,TG,-0.2921214633318953,0.030455335956334196
Atopobium_parvulum,HDL,0.04210547190803441,0.760194327799164
Atopobium_parvulum,FFA,0.2626735663629927,0.05268833601488774
Atopobium_parvulum,IL6,-0.29564547505383826,0.028419293583777695
Atopobium_parvulum,IL8,-0.31212181571518377,0.020347575497476855
Atopobium_parvulum,SOD,-0.18784432047104657,0.16964244072262194
Atopobium_parvulum,E2,0.13056637537374782,0.34204066860779037
Atopobium_parvulum,T,-0.40469613448970754,0.002179309149015027
Atopobium_parvulum,FSH,0.13288894711161325,0.3334476772929066
Atopobium_parvulum,LH,0.14981896115375765,0.2749461995573737
Atopobium_parvulum,LH.FSH,-0.024968639175485807,0.8564089163758466
Atopobium_parvulum,PRL,-0.155286419900144,0.25760640677998703
Atopobium_parvulum,FT,-0.2562106990398635,0.059010396628598846
Atopobium_parvulum,AD,-0.18367508373505373,0.17948720261166967
Atopobium_parvulum,DHEAS,-0.0284014294242564,0.8369204593497694
Atopobium_parvulum,SHBG,0.028124000753056797,0.8384920201554895
Atopobium_parvulum,VAT.Mass,0.15973002461152347,0.24406828688285445
Atopobium_parvulum,VAT.Volume,0.15973002461152347,0.24406828688285445
Eubacterium_brachy,BMI,0.2599959559767022,0.055237425160277645
Eubacterium_brachy,WC,0.21881631248802502,0.10848732101427454
Eubacterium_brachy,WHR,0.1629858898045731,0.23446237240371523
Eubacterium_brachy,Menstrual.cycles,-0.06307661739963864,0.6473115685476907
Eubacterium_brachy,Acne,-0.042731545861416746,0.7567372415064041
Eubacterium_brachy,Hair.loss,-0.014243848620472245,0.9177930717681668
Eubacterium_brachy,FG.score,0.0229134740874554,0.8681180035501433
Eubacterium_brachy,BG0,0.022300670643110535,0.871614950263321
Eubacterium_brachy,BG120,-0.25821321355607596,0.05698930079761778
Eubacterium_brachy,INS0,-0.02699123656043178,0.8449152654186071
Eubacterium_brachy,INS120,-0.2325698127864249,0.08750943313794556
Eubacterium_brachy,CP0,0.10904223162229099,0.42808575891557277
Eubacterium_brachy,CP120,-0.07365503078200955,0.5930505575405959
Eubacterium_brachy,HOMA.IR,-0.03701495304241786,0.7884707331842628
Eubacterium_brachy,AUC.Ins.,-0.1379317862041903,0.31526088698764404
Eubacterium_brachy,ALT,-0.0013160339993879364,0.992391653645351
Eubacterium_brachy,rGT,0.09780155193859064,0.4774798196506389
Eubacterium_brachy,UA,0.17174714218017484,0.20991619184645935
Eubacterium_brachy,TG,0.07490869242959011,0.586756470346929
Eubacterium_brachy,HDL,-0.09914939541109671,0.4714019711849974
Eubacterium_brachy,FFA,0.10801254642785478,0.43248645775328864
Eubacterium_brachy,IL6,-0.18466730317949248,0.17710771780614798
Eubacterium_brachy,IL8,-0.36249581004152226,0.00653267377844375
Eubacterium_brachy,SOD,-0.12835918772447236,0.3503330524041013
Eubacterium_brachy,E2,-0.0006720779881533318,0.9961144941859548
Eubacterium_brachy,T,-0.15907568032429517,0.2460307614473019
Eubacterium_brachy,FSH,-0.20654068861314145,0.1302974933899406
Eubacterium_brachy,LH,0.1284252195653905,0.35008318872370914
Eubacterium_brachy,LH.FSH,0.20232223921792186,0.13850902208920596
Eubacterium_brachy,PRL,0.09091495409729376,0.5091730360880475
Eubacterium_brachy,FT,-0.1233718629795427,0.36952167947111814
Eubacterium_brachy,AD,-0.18895524180654386,0.1670868921496135
Eubacterium_brachy,DHEAS,-0.10670871034285319,0.43809515955423617
Eubacterium_brachy,SHBG,-0.01885099625252167,0.8913440538480734
Eubacterium_brachy,VAT.Mass,0.20857629240918502,0.12646880397757304
Eubacterium_brachy,VAT.Volume,0.20857629240918502,0.12646880397757304
Collinsella_aerofaciens,BMI,0.10426027787539167,0.44873655685552805
Collinsella_aerofaciens,WC,0.13843904297267431,0.3134672183183766
Collinsella_aerofaciens,WHR,0.028993919133332817,0.8335662835794926
Collinsella_aerofaciens,Menstrual.cycles,0.03375080848189927,0.8067482126226811
Collinsella_aerofaciens,Acne,0.048193678909979124,0.7267832973139905
Collinsella_aerofaciens,Hair.loss,-0.22719877200418728,0.09528716150892183
Collinsella_aerofaciens,FG.score,0.16525315310313754,0.22792884072594446
Collinsella_aerofaciens,BG0,-0.038953197714397134,0.7776701998226111
Collinsella_aerofaciens,BG120,-0.07613855847013815,0.5806112347225991
Collinsella_aerofaciens,INS0,-0.08470172593026283,0.5386583600034922
Collinsella_aerofaciens,INS120,-0.00916702795535625,0.9470399992948603
Collinsella_aerofaciens,CP0,-0.03592252293297565,0.7945757045903998
Collinsella_aerofaciens,CP120,0.08861515986534224,0.5199903221616822
Collinsella_aerofaciens,HOMA.IR,-0.0293045596316035,0.8318088708043143
Collinsella_aerofaciens,AUC.Ins.,0.06517128086766955,0.6364094818241992
Collinsella_aerofaciens,ALT,0.13032572885642857,0.34293880363608586
Collinsella_aerofaciens,rGT,0.017982699750413528,0.8963207374800032
Collinsella_aerofaciens,UA,-0.27814069098616767,0.039769591907837305
Collinsella_aerofaciens,TG,-0.22353366182473874,0.10089605697544914
Collinsella_aerofaciens,HDL,0.08025270758122743,0.5602701075107474
Collinsella_aerofaciens,FFA,-0.012258066840002229,0.9292221906932926
Collinsella_aerofaciens,IL6,0.016522126976931607,0.90470093099669
Collinsella_aerofaciens,IL8,0.22518461084316038,0.09833870858666935
Collinsella_aerofaciens,SOD,-0.02965745548950467,0.829813394209106
Collinsella_aerofaciens,E2,0.195415993075914,0.15277945134741092
Collinsella_aerofaciens,T,-0.13273409896696983,0.3340163338506532
Collinsella_aerofaciens,FSH,-0.009819849098424491,0.9432744768588972
Collinsella_aerofaciens,LH,0.04017397948644254,0.770888820127192
Collinsella_aerofaciens,LH.FSH,-0.03141077727390394,0.8199151414570109
Collinsella_aerofaciens,PRL,-0.051913357400722025,0.7066115579179302
Collinsella_aerofaciens,FT,-0.08549891655348425,0.5348292554615737
Collinsella_aerofaciens,AD,-0.027713013875203817,0.8408213020424757
Collinsella_aerofaciens,DHEAS,-0.09443322589632476,0.492848973817262
Collinsella_aerofaciens,SHBG,0.0876707362265843,0.5244656007698406
Collinsella_aerofaciens,VAT.Mass,-0.05373938799194599,0.6967808015523891
Collinsella_aerofaciens,VAT.Volume,-0.05373938799194599,0.6967808015523891
Actinomyces_naeslundii,BMI,0.3026187440073772,0.024724963199774186
Actinomyces_naeslundii,WC,0.3589095600083375,0.007125793800361485
Actinomyces_naeslundii,WHR,0.08347482918188887,0.5445774158959531
Actinomyces_naeslundii,Menstrual.cycles,0.15483142958894647,0.2590206076778355
Actinomyces_naeslundii,Acne,-0.04304011887479003,0.7550350810812201
Actinomyces_naeslundii,Hair.loss,-0.1848193339917454,0.1767451523859765
Actinomyces_naeslundii,FG.score,0.05310109195566825,0.7002116586656371
Actinomyces_naeslundii,BG0,-0.05551360102529744,0.687276143436502
Actinomyces_naeslundii,BG120,0.012744764189186934,0.9264196146614214
Actinomyces_naeslundii,INS0,-0.09097438540933825,0.5088950215830468
Actinomyces_naeslundii,INS120,-0.0784358885882616,0.5692113721952741
Actinomyces_naeslundii,CP0,-0.07734758015576017,0.5745988528764032
Actinomyces_naeslundii,CP120,-0.08265573361125193,0.5485464655921418
Actinomyces_naeslundii,HOMA.IR,-0.02814831093409284,0.8383542842340759
Actinomyces_naeslundii,AUC.Ins.,-0.005209918456027829,0.9698865652692258
Actinomyces_naeslundii,ALT,0.07688448390316666,0.5768984156706429
Actinomyces_naeslundii,rGT,0.12359981457552846,0.3686310461343679
Actinomyces_naeslundii,UA,-0.181749702141632,0.18417023738613045
Actinomyces_naeslundii,TG,-0.18022297641556348,0.18794561634669765
Actinomyces_naeslundii,HDL,0.1956285990062583,0.15232453334504575
Actinomyces_naeslundii,FFA,-0.24034208109525454,0.07714573717119144
Actinomyces_naeslundii,IL6,-0.12346500485033748,0.3691576065011576
Actinomyces_naeslundii,IL8,0.03405770426835104,0.8050252218667378
Actinomyces_naeslundii,SOD,-0.10214621802230837,0.45803817719445494
Actinomyces_naeslundii,E2,0.16708254729114103,0.22274978652432548
Actinomyces_naeslundii,T,-0.1054534062959575,0.44353326667312176
Actinomyces_naeslundii,FSH,-0.1612241773082528,0.2396272153248872
Actinomyces_naeslundii,LH,-0.20885695276851154,0.12594766635344726
Actinomyces_naeslundii,LH.FSH,-0.08750709029408085,0.5252430026030663
Actinomyces_naeslundii,PRL,0.11151467370063584,0.4176229829053206
Actinomyces_naeslundii,FT,0.020731507370778234,0.8805803039657677
Actinomyces_naeslundii,AD,0.11686981704130314,0.395470049423822
Actinomyces_naeslundii,DHEAS,0.13611093267234364,0.32175328982453194
Actinomyces_naeslundii,SHBG,0.22948786196383797,0.09190907908953165
Actinomyces_naeslundii,VAT.Mass,-0.008928982314908736,0.9484133551131826
Actinomyces_naeslundii,VAT.Volume,-0.008928982314908736,0.9484133551131826
